case_id,scenario,target_size,sequence_a_length,sequence_b_length,algorithm,median_time_ms,score,runs,warmup
homologous_0_n100,homologous_region,100,100,100,CPython,1.66895,185,10,2
homologous_1_n100,homologous_region,100,100,100,CPython,1.7529,185,10,2
homologous_2_n100,homologous_region,100,100,100,CPython,1.84185,185,10,2
homologous_3_n100,homologous_region,100,100,100,CPython,1.6657,186,10,2
homologous_4_n100,homologous_region,100,100,100,CPython,1.6695,185,10,2
homologous_5_n100,homologous_region,100,100,100,CPython,1.7345,185,10,2
homologous_6_n100,homologous_region,100,100,100,CPython,1.7999,185,10,2
homologous_7_n100,homologous_region,100,100,100,CPython,1.8007,185,10,2
homologous_8_n100,homologous_region,100,100,100,CPython,2.0456,185,10,2
homologous_9_n100,homologous_region,100,100,100,CPython,3.0707,185,10,2
indel_0_n100,indel_disruption,100,100,112,CPython,2.16775,176,10,2
indel_1_n100,indel_disruption,100,100,88,CPython,1.78565,149,10,2
indel_2_n100,indel_disruption,100,100,112,CPython,1.93115,176,10,2
indel_3_n100,indel_disruption,100,100,88,CPython,1.50925,149,10,2
indel_4_n100,indel_disruption,100,100,112,CPython,2.1207,176,10,2
indel_5_n100,indel_disruption,100,100,88,CPython,1.67545,149,10,2
indel_6_n100,indel_disruption,100,100,112,CPython,1.88045,176,10,2
indel_7_n100,indel_disruption,100,100,88,CPython,1.555,149,10,2
indel_8_n100,indel_disruption,100,100,112,CPython,2.0094,176,10,2
indel_9_n100,indel_disruption,100,100,88,CPython,1.4881,149,10,2
motif_0_n100,conserved_motif,100,100,100,CPython,1.6819,62,10,2
motif_1_n100,conserved_motif,100,100,100,CPython,1.6869,65,10,2
motif_2_n100,conserved_motif,100,100,100,CPython,1.7021,52,10,2
motif_3_n100,conserved_motif,100,100,100,CPython,1.8306,56,10,2
motif_4_n100,conserved_motif,100,100,100,CPython,1.68305,52,10,2
motif_5_n100,conserved_motif,100,100,100,CPython,1.6812,46,10,2
motif_6_n100,conserved_motif,100,100,100,CPython,1.74155,46,10,2
motif_7_n100,conserved_motif,100,100,100,CPython,1.73025,50,10,2
motif_8_n100,conserved_motif,100,100,100,CPython,1.68795,55,10,2
motif_9_n100,conserved_motif,100,100,100,CPython,1.7641,63,10,2
contained_0_n100,contained_fragment,100,50,108,CPython,0.905,100,10,2
contained_1_n100,contained_fragment,100,50,108,CPython,0.90335,100,10,2
contained_2_n100,contained_fragment,100,50,108,CPython,0.9061,100,10,2
contained_3_n100,contained_fragment,100,50,108,CPython,0.9396,100,10,2
contained_4_n100,contained_fragment,100,50,108,CPython,0.98065,100,10,2
contained_5_n100,contained_fragment,100,50,108,CPython,0.9075,100,10,2
contained_6_n100,contained_fragment,100,50,108,CPython,0.9689,100,10,2
contained_7_n100,contained_fragment,100,50,108,CPython,0.9809,100,10,2
contained_8_n100,contained_fragment,100,50,108,CPython,0.98565,100,10,2
contained_9_n100,contained_fragment,100,50,108,CPython,0.9048,100,10,2
random_0_n100,random_uniform,100,100,100,CPython,1.6939,44,10,2
random_1_n100,random_uniform,100,100,100,CPython,1.68435,45,10,2
random_2_n100,random_uniform,100,100,100,CPython,1.68125,54,10,2
random_3_n100,random_uniform,100,100,100,CPython,1.699,49,10,2
random_4_n100,random_uniform,100,100,100,CPython,1.6809,35,10,2
random_5_n100,random_uniform,100,100,100,CPython,1.68515,49,10,2
random_6_n100,random_uniform,100,100,100,CPython,1.68445,39,10,2
random_7_n100,random_uniform,100,100,100,CPython,1.70745,50,10,2
random_8_n100,random_uniform,100,100,100,CPython,1.8856,45,10,2
random_9_n100,random_uniform,100,100,100,CPython,1.68375,51,10,2
homologous_0_n200,homologous_region,200,200,200,CPython,6.8903,370,10,2
homologous_1_n200,homologous_region,200,200,200,CPython,7.20415,373,10,2
homologous_2_n200,homologous_region,200,200,200,CPython,6.9909,370,10,2
homologous_3_n200,homologous_region,200,200,200,CPython,7.172,382,10,2
homologous_4_n200,homologous_region,200,200,200,CPython,6.64015,376,10,2
homologous_5_n200,homologous_region,200,200,200,CPython,7.15615,370,10,2
homologous_6_n200,homologous_region,200,200,200,CPython,6.6274,370,10,2
homologous_7_n200,homologous_region,200,200,200,CPython,7.1132,370,10,2
homologous_8_n200,homologous_region,200,200,200,CPython,7.1683,370,10,2
homologous_9_n200,homologous_region,200,200,200,CPython,7.23275,375,10,2
indel_0_n200,indel_disruption,200,200,225,CPython,7.4487,350,10,2
indel_1_n200,indel_disruption,200,200,175,CPython,6.05885,297,10,2
indel_2_n200,indel_disruption,200,200,225,CPython,8.01515,350,10,2
indel_3_n200,indel_disruption,200,200,175,CPython,6.26365,297,10,2
indel_4_n200,indel_disruption,200,200,225,CPython,7.96375,350,10,2
indel_5_n200,indel_disruption,200,200,175,CPython,6.20135,297,10,2
indel_6_n200,indel_disruption,200,200,225,CPython,7.703,350,10,2
indel_7_n200,indel_disruption,200,200,175,CPython,6.2236,297,10,2
indel_8_n200,indel_disruption,200,200,225,CPython,8.06825,350,10,2
indel_9_n200,indel_disruption,200,200,175,CPython,6.3309,297,10,2
motif_0_n200,conserved_motif,200,200,200,CPython,6.6089,130,10,2
motif_1_n200,conserved_motif,200,200,200,CPython,6.6243,119,10,2
motif_2_n200,conserved_motif,200,200,200,CPython,6.6384,90,10,2
motif_3_n200,conserved_motif,200,200,200,CPython,7.0517,123,10,2
motif_4_n200,conserved_motif,200,200,200,CPython,6.80265,120,10,2
motif_5_n200,conserved_motif,200,200,200,CPython,7.10165,114,10,2
motif_6_n200,conserved_motif,200,200,200,CPython,7.158,121,10,2
motif_7_n200,conserved_motif,200,200,200,CPython,6.65665,129,10,2
motif_8_n200,conserved_motif,200,200,200,CPython,6.65725,98,10,2
motif_9_n200,conserved_motif,200,200,200,CPython,6.8337,122,10,2
contained_0_n200,contained_fragment,200,100,216,CPython,3.74275,200,10,2
contained_1_n200,contained_fragment,200,100,216,CPython,3.7433,200,10,2
contained_2_n200,contained_fragment,200,100,216,CPython,3.712,200,10,2
contained_3_n200,contained_fragment,200,100,216,CPython,3.8025,200,10,2
contained_4_n200,contained_fragment,200,100,216,CPython,3.5459,200,10,2
contained_5_n200,contained_fragment,200,100,216,CPython,3.8247,200,10,2
contained_6_n200,contained_fragment,200,100,216,CPython,3.56245,200,10,2
contained_7_n200,contained_fragment,200,100,216,CPython,3.5546,200,10,2
contained_8_n200,contained_fragment,200,100,216,CPython,3.84065,200,10,2
contained_9_n200,contained_fragment,200,100,216,CPython,3.6787,200,10,2
random_0_n200,random_uniform,200,200,200,CPython,6.794,84,10,2
random_1_n200,random_uniform,200,200,200,CPython,6.80175,86,10,2
random_2_n200,random_uniform,200,200,200,CPython,6.77975,88,10,2
random_3_n200,random_uniform,200,200,200,CPython,7.49365,82,10,2
random_4_n200,random_uniform,200,200,200,CPython,7.55815,95,10,2
random_5_n200,random_uniform,200,200,200,CPython,6.976,83,10,2
random_6_n200,random_uniform,200,200,200,CPython,6.7762,95,10,2
random_7_n200,random_uniform,200,200,200,CPython,6.9701,100,10,2
random_8_n200,random_uniform,200,200,200,CPython,7.14245,99,10,2
random_9_n200,random_uniform,200,200,200,CPython,7.1974,85,10,2
homologous_0_n500,homologous_region,500,500,500,CPython,53.6299,934,10,2
homologous_1_n500,homologous_region,500,500,500,CPython,53.09445,925,10,2
homologous_2_n500,homologous_region,500,500,500,CPython,56.27355,931,10,2
homologous_3_n500,homologous_region,500,500,500,CPython,53.29535,925,10,2
homologous_4_n500,homologous_region,500,500,500,CPython,53.657,925,10,2
homologous_5_n500,homologous_region,500,500,500,CPython,53.6238,925,10,2
homologous_6_n500,homologous_region,500,500,500,CPython,53.40765,925,10,2
homologous_7_n500,homologous_region,500,500,500,CPython,53.21595,925,10,2
homologous_8_n500,homologous_region,500,500,500,CPython,53.6042,925,10,2
homologous_9_n500,homologous_region,500,500,500,CPython,53.44375,928,10,2
indel_0_n500,indel_disruption,500,500,562,CPython,61.0643,876,10,2
indel_1_n500,indel_disruption,500,500,438,CPython,46.3952,749,10,2
indel_2_n500,indel_disruption,500,500,562,CPython,61.4517,876,10,2
indel_3_n500,indel_disruption,500,500,438,CPython,46.2035,749,10,2
indel_4_n500,indel_disruption,500,500,562,CPython,61.3533,876,10,2
indel_5_n500,indel_disruption,500,500,438,CPython,45.91455,749,10,2
indel_6_n500,indel_disruption,500,500,562,CPython,61.3311,876,10,2
indel_7_n500,indel_disruption,500,500,438,CPython,45.1755,749,10,2
indel_8_n500,indel_disruption,500,500,562,CPython,59.61395,876,10,2
indel_9_n500,indel_disruption,500,500,438,CPython,46.45265,749,10,2
motif_0_n500,conserved_motif,500,500,500,CPython,51.38835,262,10,2
motif_1_n500,conserved_motif,500,500,500,CPython,51.9063,355,10,2
motif_2_n500,conserved_motif,500,500,500,CPython,52.22225,295,10,2
motif_3_n500,conserved_motif,500,500,500,CPython,51.6211,329,10,2
motif_4_n500,conserved_motif,500,500,500,CPython,51.47435,289,10,2
motif_5_n500,conserved_motif,500,500,500,CPython,51.2801,271,10,2
motif_6_n500,conserved_motif,500,500,500,CPython,51.8079,308,10,2
motif_7_n500,conserved_motif,500,500,500,CPython,50.2382,207,10,2
motif_8_n500,conserved_motif,500,500,500,CPython,50.4242,263,10,2
motif_9_n500,conserved_motif,500,500,500,CPython,51.5042,288,10,2
contained_0_n500,contained_fragment,500,250,541,CPython,28.5119,500,10,2
contained_1_n500,contained_fragment,500,250,541,CPython,29.37065,500,10,2
contained_2_n500,contained_fragment,500,250,541,CPython,27.38745,500,10,2
contained_3_n500,contained_fragment,500,250,541,CPython,28.09665,500,10,2
contained_4_n500,contained_fragment,500,250,541,CPython,28.3543,500,10,2
contained_5_n500,contained_fragment,500,250,541,CPython,28.1916,500,10,2
contained_6_n500,contained_fragment,500,250,541,CPython,28.262,500,10,2
contained_7_n500,contained_fragment,500,250,541,CPython,28.41975,500,10,2
contained_8_n500,contained_fragment,500,250,541,CPython,28.2668,500,10,2
contained_9_n500,contained_fragment,500,250,541,CPython,28.29265,500,10,2
random_0_n500,random_uniform,500,500,500,CPython,52.7393,246,10,2
random_1_n500,random_uniform,500,500,500,CPython,51.51145,200,10,2
random_2_n500,random_uniform,500,500,500,CPython,53.73995,228,10,2
random_3_n500,random_uniform,500,500,500,CPython,51.5121,202,10,2
random_4_n500,random_uniform,500,500,500,CPython,51.40625,224,10,2
random_5_n500,random_uniform,500,500,500,CPython,51.7494,234,10,2
random_6_n500,random_uniform,500,500,500,CPython,51.4456,202,10,2
random_7_n500,random_uniform,500,500,500,CPython,51.43205,226,10,2
random_8_n500,random_uniform,500,500,500,CPython,51.61115,220,10,2
random_9_n500,random_uniform,500,500,500,CPython,51.646,205,10,2
homologous_0_n800,homologous_region,800,800,800,CPython,145.7436,1484,10,2
homologous_1_n800,homologous_region,800,800,800,CPython,151.49585,1486,10,2
homologous_2_n800,homologous_region,800,800,800,CPython,145.74295,1492,10,2
homologous_3_n800,homologous_region,800,800,800,CPython,142.86785,1481,10,2
homologous_4_n800,homologous_region,800,800,800,CPython,146.1367,1483,10,2
homologous_5_n800,homologous_region,800,800,800,CPython,146.0594,1486,10,2
homologous_6_n800,homologous_region,800,800,800,CPython,146.6044,1486,10,2
homologous_7_n800,homologous_region,800,800,800,CPython,146.18615,1483,10,2
homologous_8_n800,homologous_region,800,800,800,CPython,146.20045,1480,10,2
homologous_9_n800,homologous_region,800,800,800,CPython,146.17285,1487,10,2
indel_0_n800,indel_disruption,800,800,900,CPython,167.5911,1400,10,2
indel_1_n800,indel_disruption,800,800,700,CPython,128.02635,1197,10,2
indel_2_n800,indel_disruption,800,800,900,CPython,167.54895,1400,10,2
indel_3_n800,indel_disruption,800,800,700,CPython,127.0549,1200,10,2
indel_4_n800,indel_disruption,800,800,900,CPython,167.82535,1400,10,2
indel_5_n800,indel_disruption,800,800,700,CPython,128.24135,1197,10,2
indel_6_n800,indel_disruption,800,800,900,CPython,168.14905,1400,10,2
indel_7_n800,indel_disruption,800,800,700,CPython,131.1762,1197,10,2
indel_8_n800,indel_disruption,800,800,900,CPython,168.02455,1400,10,2
indel_9_n800,indel_disruption,800,800,700,CPython,128.5877,1197,10,2
motif_0_n800,conserved_motif,800,800,800,CPython,142.6761,376,10,2
motif_1_n800,conserved_motif,800,800,800,CPython,141.61545,365,10,2
motif_2_n800,conserved_motif,800,800,800,CPython,146.467,556,10,2
motif_3_n800,conserved_motif,800,800,800,CPython,143.72225,504,10,2
motif_4_n800,conserved_motif,800,800,800,CPython,144.4657,544,10,2
motif_5_n800,conserved_motif,800,800,800,CPython,151.50705,516,10,2
motif_6_n800,conserved_motif,800,800,800,CPython,143.6455,476,10,2
motif_7_n800,conserved_motif,800,800,800,CPython,143.3193,537,10,2
motif_8_n800,conserved_motif,800,800,800,CPython,146.0855,512,10,2
motif_9_n800,conserved_motif,800,800,800,CPython,139.8175,398,10,2
contained_0_n800,contained_fragment,800,400,866,CPython,77.9951,800,10,2
contained_1_n800,contained_fragment,800,400,866,CPython,78.279,800,10,2
contained_2_n800,contained_fragment,800,400,866,CPython,77.79645,800,10,2
contained_3_n800,contained_fragment,800,400,866,CPython,78.47295,800,10,2
contained_4_n800,contained_fragment,800,400,866,CPython,78.1108,800,10,2
contained_5_n800,contained_fragment,800,400,866,CPython,78.60945,800,10,2
contained_6_n800,contained_fragment,800,400,866,CPython,78.8476,800,10,2
contained_7_n800,contained_fragment,800,400,866,CPython,77.40485,800,10,2
contained_8_n800,contained_fragment,800,400,866,CPython,76.96515,800,10,2
contained_9_n800,contained_fragment,800,400,866,CPython,78.31585,800,10,2
random_0_n800,random_uniform,800,800,800,CPython,140.4468,343,10,2
random_1_n800,random_uniform,800,800,800,CPython,141.15045,343,10,2
random_2_n800,random_uniform,800,800,800,CPython,145.2887,381,10,2
random_3_n800,random_uniform,800,800,800,CPython,145.25165,366,10,2
random_4_n800,random_uniform,800,800,800,CPython,144.75955,359,10,2
random_5_n800,random_uniform,800,800,800,CPython,143.77435,348,10,2
random_6_n800,random_uniform,800,800,800,CPython,144.03935,349,10,2
random_7_n800,random_uniform,800,800,800,CPython,140.57695,352,10,2
random_8_n800,random_uniform,800,800,800,CPython,143.7991,335,10,2
random_9_n800,random_uniform,800,800,800,CPython,191.0363,377,10,2
homologous_0_n1000,homologous_region,1000,1000,1000,CPython,277.0936,1865,10,2
homologous_1_n1000,homologous_region,1000,1000,1000,CPython,270.81735,1853,10,2
homologous_2_n1000,homologous_region,1000,1000,1000,CPython,244.11035,1850,10,2
homologous_3_n1000,homologous_region,1000,1000,1000,CPython,243.145,1853,10,2
homologous_4_n1000,homologous_region,1000,1000,1000,CPython,248.3387,1850,10,2
homologous_5_n1000,homologous_region,1000,1000,1000,CPython,238.8984,1862,10,2
homologous_6_n1000,homologous_region,1000,1000,1000,CPython,242.7561,1850,10,2
homologous_7_n1000,homologous_region,1000,1000,1000,CPython,240.23865,1856,10,2
homologous_8_n1000,homologous_region,1000,1000,1000,CPython,241.3575,1850,10,2
homologous_9_n1000,homologous_region,1000,1000,1000,CPython,241.09005,1850,10,2
indel_0_n1000,indel_disruption,1000,1000,1125,CPython,274.3968,1750,10,2
indel_1_n1000,indel_disruption,1000,1000,875,CPython,208.25045,1497,10,2
indel_2_n1000,indel_disruption,1000,1000,1125,CPython,272.99895,1750,10,2
indel_3_n1000,indel_disruption,1000,1000,875,CPython,208.04475,1497,10,2
indel_4_n1000,indel_disruption,1000,1000,1125,CPython,273.8357,1750,10,2
indel_5_n1000,indel_disruption,1000,1000,875,CPython,208.00725,1497,10,2
indel_6_n1000,indel_disruption,1000,1000,1125,CPython,272.85015,1750,10,2
indel_7_n1000,indel_disruption,1000,1000,875,CPython,207.6337,1497,10,2
indel_8_n1000,indel_disruption,1000,1000,1125,CPython,273.90375,1750,10,2
indel_9_n1000,indel_disruption,1000,1000,875,CPython,213.7077,1500,10,2
motif_0_n1000,conserved_motif,1000,1000,1000,CPython,239.866,592,10,2
motif_1_n1000,conserved_motif,1000,1000,1000,CPython,233.16735,466,10,2
motif_2_n1000,conserved_motif,1000,1000,1000,CPython,240.8253,516,10,2
motif_3_n1000,conserved_motif,1000,1000,1000,CPython,235.89605,577,10,2
motif_4_n1000,conserved_motif,1000,1000,1000,CPython,238.78995,558,10,2
motif_5_n1000,conserved_motif,1000,1000,1000,CPython,242.62265,616,10,2
motif_6_n1000,conserved_motif,1000,1000,1000,CPython,239.77085,656,10,2
motif_7_n1000,conserved_motif,1000,1000,1000,CPython,239.53675,496,10,2
motif_8_n1000,conserved_motif,1000,1000,1000,CPython,237.0299,608,10,2
motif_9_n1000,conserved_motif,1000,1000,1000,CPython,241.51155,554,10,2
contained_0_n1000,contained_fragment,1000,500,1083,CPython,129.9545,1000,10,2
contained_1_n1000,contained_fragment,1000,500,1083,CPython,129.9985,1000,10,2
contained_2_n1000,contained_fragment,1000,500,1083,CPython,126.56485,1000,10,2
contained_3_n1000,contained_fragment,1000,500,1083,CPython,129.245,1000,10,2
contained_4_n1000,contained_fragment,1000,500,1083,CPython,129.2083,1000,10,2
contained_5_n1000,contained_fragment,1000,500,1083,CPython,130.55635,1000,10,2
contained_6_n1000,contained_fragment,1000,500,1083,CPython,129.8228,1000,10,2
contained_7_n1000,contained_fragment,1000,500,1083,CPython,126.38535,1000,10,2
contained_8_n1000,contained_fragment,1000,500,1083,CPython,126.6716,1000,10,2
contained_9_n1000,contained_fragment,1000,500,1083,CPython,129.2908,1000,10,2
random_0_n1000,random_uniform,1000,1000,1000,CPython,238.56855,444,10,2
random_1_n1000,random_uniform,1000,1000,1000,CPython,238.61475,428,10,2
random_2_n1000,random_uniform,1000,1000,1000,CPython,237.9582,436,10,2
random_3_n1000,random_uniform,1000,1000,1000,CPython,232.90125,434,10,2
random_4_n1000,random_uniform,1000,1000,1000,CPython,238.44125,431,10,2
random_5_n1000,random_uniform,1000,1000,1000,CPython,235.0943,455,10,2
random_6_n1000,random_uniform,1000,1000,1000,CPython,239.4927,451,10,2
random_7_n1000,random_uniform,1000,1000,1000,CPython,243.405,427,10,2
random_8_n1000,random_uniform,1000,1000,1000,CPython,249.802,456,10,2
random_9_n1000,random_uniform,1000,1000,1000,CPython,242.187,449,10,2
homologous_0_n2000,homologous_region,2000,2000,2000,CPython,1048.14975,3715,10,2
homologous_1_n2000,homologous_region,2000,2000,2000,CPython,1045.9441,3730,10,2
homologous_2_n2000,homologous_region,2000,2000,2000,CPython,1717.68045,3706,10,2
homologous_3_n2000,homologous_region,2000,2000,2000,CPython,1810.7697,3710,10,2
homologous_4_n2000,homologous_region,2000,2000,2000,CPython,1599.73335,3709,10,2
homologous_5_n2000,homologous_region,2000,2000,2000,CPython,1596.15555,3709,10,2
homologous_6_n2000,homologous_region,2000,2000,2000,CPython,1295.80815,3709,10,2
homologous_7_n2000,homologous_region,2000,2000,2000,CPython,1342.621,3704,10,2
homologous_8_n2000,homologous_region,2000,2000,2000,CPython,1381.58845,3715,10,2
homologous_9_n2000,homologous_region,2000,2000,2000,CPython,1412.88515,3712,10,2
indel_0_n2000,indel_disruption,2000,2000,2250,CPython,1620.4279,3500,10,2
indel_1_n2000,indel_disruption,2000,2000,1750,CPython,1230.9362,2997,10,2
indel_2_n2000,indel_disruption,2000,2000,2250,CPython,1613.25165,3500,10,2
indel_3_n2000,indel_disruption,2000,2000,1750,CPython,1191.4411,2997,10,2
indel_4_n2000,indel_disruption,2000,2000,2250,CPython,1596.3101,3500,10,2
indel_5_n2000,indel_disruption,2000,2000,1750,CPython,1205.01155,2997,10,2
indel_6_n2000,indel_disruption,2000,2000,2250,CPython,1537.6056,3500,10,2
indel_7_n2000,indel_disruption,2000,2000,1750,CPython,1163.8984,2997,10,2
indel_8_n2000,indel_disruption,2000,2000,2250,CPython,1170.19865,3500,10,2
indel_9_n2000,indel_disruption,2000,2000,1750,CPython,894.9866,3000,10,2
motif_0_n2000,conserved_motif,2000,2000,2000,CPython,1022.21805,1240,10,2
motif_1_n2000,conserved_motif,2000,2000,2000,CPython,1233.6529,1200,10,2
motif_2_n2000,conserved_motif,2000,2000,2000,CPython,1209.66925,1325,10,2
motif_3_n2000,conserved_motif,2000,2000,2000,CPython,1048.28,1231,10,2
motif_4_n2000,conserved_motif,2000,2000,2000,CPython,1043.36155,897,10,2
motif_5_n2000,conserved_motif,2000,2000,2000,CPython,1046.90015,1390,10,2
motif_6_n2000,conserved_motif,2000,2000,2000,CPython,1035.8112,865,10,2
motif_7_n2000,conserved_motif,2000,2000,2000,CPython,1043.29365,1376,10,2
motif_8_n2000,conserved_motif,2000,2000,2000,CPython,1038.3598,1309,10,2
motif_9_n2000,conserved_motif,2000,2000,2000,CPython,1042.87745,1358,10,2
contained_0_n2000,contained_fragment,2000,1000,2166,CPython,554.09495,2000,10,2
contained_1_n2000,contained_fragment,2000,1000,2166,CPython,559.87395,2000,10,2
contained_2_n2000,contained_fragment,2000,1000,2166,CPython,554.4563,2000,10,2
contained_3_n2000,contained_fragment,2000,1000,2166,CPython,555.25195,2000,10,2
contained_4_n2000,contained_fragment,2000,1000,2166,CPython,553.807,2000,10,2
contained_5_n2000,contained_fragment,2000,1000,2166,CPython,555.0322,2000,10,2
contained_6_n2000,contained_fragment,2000,1000,2166,CPython,547.58995,2000,10,2
contained_7_n2000,contained_fragment,2000,1000,2166,CPython,544.4961,2000,10,2
contained_8_n2000,contained_fragment,2000,1000,2166,CPython,545.3297,2000,10,2
contained_9_n2000,contained_fragment,2000,1000,2166,CPython,545.76495,2000,10,2
random_0_n2000,random_uniform,2000,2000,2000,CPython,1027.7553,918,10,2
random_1_n2000,random_uniform,2000,2000,2000,CPython,1031.72695,900,10,2
random_2_n2000,random_uniform,2000,2000,2000,CPython,1032.3206,882,10,2
random_3_n2000,random_uniform,2000,2000,2000,CPython,1036.3075,942,10,2
random_4_n2000,random_uniform,2000,2000,2000,CPython,1042.1221,882,10,2
random_5_n2000,random_uniform,2000,2000,2000,CPython,1030.3973,871,10,2
random_6_n2000,random_uniform,2000,2000,2000,CPython,1049.21695,872,10,2
random_7_n2000,random_uniform,2000,2000,2000,CPython,1038.5894,889,10,2
random_8_n2000,random_uniform,2000,2000,2000,CPython,1036.4895,893,10,2
random_9_n2000,random_uniform,2000,2000,2000,CPython,1028.4591,869,10,2
homologous_0_n5000,homologous_region,5000,5000,5000,CPython,6675.4671,9268,10,2
homologous_1_n5000,homologous_region,5000,5000,5000,CPython,6696.4925,9280,10,2
homologous_2_n5000,homologous_region,5000,5000,5000,CPython,6737.28315,9271,10,2
homologous_3_n5000,homologous_region,5000,5000,5000,CPython,6727.51055,9307,10,2
homologous_4_n5000,homologous_region,5000,5000,5000,CPython,6745.79405,9277,10,2
homologous_5_n5000,homologous_region,5000,5000,5000,CPython,6709.24945,9277,10,2
homologous_6_n5000,homologous_region,5000,5000,5000,CPython,6695.0602,9274,10,2
homologous_7_n5000,homologous_region,5000,5000,5000,CPython,6675.68345,9268,10,2
homologous_8_n5000,homologous_region,5000,5000,5000,CPython,6726.07385,9266,10,2
homologous_9_n5000,homologous_region,5000,5000,5000,CPython,6726.06525,9268,10,2
indel_0_n5000,indel_disruption,5000,5000,5625,CPython,7558.5419,8750,10,2
indel_1_n5000,indel_disruption,5000,5000,4375,CPython,5835.60635,7497,10,2
indel_2_n5000,indel_disruption,5000,5000,5625,CPython,7554.82835,8750,10,2
indel_3_n5000,indel_disruption,5000,5000,4375,CPython,5835.71325,7500,10,2
indel_4_n5000,indel_disruption,5000,5000,5625,CPython,7580.5068,8750,10,2
indel_5_n5000,indel_disruption,5000,5000,4375,CPython,5851.0057,7497,10,2
indel_6_n5000,indel_disruption,5000,5000,5625,CPython,7570.322,8750,10,2
indel_7_n5000,indel_disruption,5000,5000,4375,CPython,5849.31405,7497,10,2
indel_8_n5000,indel_disruption,5000,5000,5625,CPython,7576.58025,8750,10,2
indel_9_n5000,indel_disruption,5000,5000,4375,CPython,5868.7179,7497,10,2
motif_0_n5000,conserved_motif,5000,5000,5000,CPython,6703.43915,2492,10,2
motif_1_n5000,conserved_motif,5000,5000,5000,CPython,6764.04425,3199,10,2
motif_2_n5000,conserved_motif,5000,5000,5000,CPython,6715.2277,3386,10,2
motif_3_n5000,conserved_motif,5000,5000,5000,CPython,6721.15395,2085,10,2
motif_4_n5000,conserved_motif,5000,5000,5000,CPython,6715.6131,3438,10,2
motif_5_n5000,conserved_motif,5000,5000,5000,CPython,6718.47585,2194,10,2
motif_6_n5000,conserved_motif,5000,5000,5000,CPython,6732.63505,2127,10,2
motif_7_n5000,conserved_motif,5000,5000,5000,CPython,6718.94245,2633,10,2
motif_8_n5000,conserved_motif,5000,5000,5000,CPython,6706.2178,3340,10,2
motif_9_n5000,conserved_motif,5000,5000,5000,CPython,6699.5775,2758,10,2
contained_0_n5000,contained_fragment,5000,2500,5416,CPython,3607.23525,5000,10,2
contained_1_n5000,contained_fragment,5000,2500,5416,CPython,3639.5835,5000,10,2
contained_2_n5000,contained_fragment,5000,2500,5416,CPython,3610.2138,5000,10,2
contained_3_n5000,contained_fragment,5000,2500,5416,CPython,3610.57125,5000,10,2
contained_4_n5000,contained_fragment,5000,2500,5416,CPython,3647.0856,5000,10,2
contained_5_n5000,contained_fragment,5000,2500,5416,CPython,3584.99625,5000,10,2
contained_6_n5000,contained_fragment,5000,2500,5416,CPython,3582.78925,5000,10,2
contained_7_n5000,contained_fragment,5000,2500,5416,CPython,3580.23655,5000,10,2
contained_8_n5000,contained_fragment,5000,2500,5416,CPython,3595.70235,5000,10,2
contained_9_n5000,contained_fragment,5000,2500,5416,CPython,3600.5603,5000,10,2
random_0_n5000,random_uniform,5000,5000,5000,CPython,6739.4577,2221,10,2
random_1_n5000,random_uniform,5000,5000,5000,CPython,6775.4693,2246,10,2
random_2_n5000,random_uniform,5000,5000,5000,CPython,6753.91925,2310,10,2
random_3_n5000,random_uniform,5000,5000,5000,CPython,6728.3301,2249,10,2
random_4_n5000,random_uniform,5000,5000,5000,CPython,6723.28135,2208,10,2
random_5_n5000,random_uniform,5000,5000,5000,CPython,6718.53815,2232,10,2
random_6_n5000,random_uniform,5000,5000,5000,CPython,6761.64195,2217,10,2
random_7_n5000,random_uniform,5000,5000,5000,CPython,6722.464,2220,10,2
random_8_n5000,random_uniform,5000,5000,5000,CPython,6743.9491,2199,10,2
random_9_n5000,random_uniform,5000,5000,5000,CPython,6729.13255,2216,10,2
homologous_0_n8000,homologous_region,8000,8000,8000,CPython,17464.62015,14836,10,2
homologous_1_n8000,homologous_region,8000,8000,8000,CPython,17630.19205,14830,10,2
homologous_2_n8000,homologous_region,8000,8000,8000,CPython,17502.4108,14839,10,2
homologous_3_n8000,homologous_region,8000,8000,8000,CPython,17497.59475,14837,10,2
homologous_4_n8000,homologous_region,8000,8000,8000,CPython,17493.65615,14863,10,2
homologous_5_n8000,homologous_region,8000,8000,8000,CPython,17597.8411,14848,10,2
homologous_6_n8000,homologous_region,8000,8000,8000,CPython,17655.6699,14863,10,2
homologous_7_n8000,homologous_region,8000,8000,8000,CPython,17704.28355,14869,10,2
homologous_8_n8000,homologous_region,8000,8000,8000,CPython,17664.54455,14863,10,2
homologous_9_n8000,homologous_region,8000,8000,8000,CPython,17663.7567,14854,10,2
indel_0_n8000,indel_disruption,8000,8000,9000,CPython,19948.9645,14000,10,2
indel_1_n8000,indel_disruption,8000,8000,7000,CPython,15571.15595,11997,10,2
indel_2_n8000,indel_disruption,8000,8000,9000,CPython,19928.85705,14000,10,2
indel_3_n8000,indel_disruption,8000,8000,7000,CPython,15390.7085,11997,10,2
indel_4_n8000,indel_disruption,8000,8000,9000,CPython,19916.20725,14000,10,2
indel_5_n8000,indel_disruption,8000,8000,7000,CPython,15380.46615,11997,10,2
indel_6_n8000,indel_disruption,8000,8000,9000,CPython,19994.3147,14000,10,2
indel_7_n8000,indel_disruption,8000,8000,7000,CPython,15347.12235,11997,10,2
indel_8_n8000,indel_disruption,8000,8000,9000,CPython,19890.9354,14000,10,2
indel_9_n8000,indel_disruption,8000,8000,7000,CPython,15290.6343,11997,10,2
motif_0_n8000,conserved_motif,8000,8000,8000,CPython,17694.2009,5577,10,2
motif_1_n8000,conserved_motif,8000,8000,8000,CPython,17716.38855,4461,10,2
motif_2_n8000,conserved_motif,8000,8000,8000,CPython,17782.3711,4127,10,2
motif_3_n8000,conserved_motif,8000,8000,8000,CPython,17667.69945,3912,10,2
motif_4_n8000,conserved_motif,8000,8000,8000,CPython,17761.35635,5240,10,2
motif_5_n8000,conserved_motif,8000,8000,8000,CPython,17761.22925,4140,10,2
motif_6_n8000,conserved_motif,8000,8000,8000,CPython,17606.90435,5654,10,2
motif_7_n8000,conserved_motif,8000,8000,8000,CPython,17556.0087,4919,10,2
motif_8_n8000,conserved_motif,8000,8000,8000,CPython,17605.47235,4108,10,2
motif_9_n8000,conserved_motif,8000,8000,8000,CPython,17565.3586,4124,10,2
contained_0_n8000,contained_fragment,8000,4000,8666,CPython,9444.91895,8000,10,2
contained_1_n8000,contained_fragment,8000,4000,8666,CPython,9449.3705,8000,10,2
contained_2_n8000,contained_fragment,8000,4000,8666,CPython,9496.6194,8000,10,2
contained_3_n8000,contained_fragment,8000,4000,8666,CPython,9481.77225,8000,10,2
contained_4_n8000,contained_fragment,8000,4000,8666,CPython,9443.0347,8000,10,2
contained_5_n8000,contained_fragment,8000,4000,8666,CPython,9454.3272,8000,10,2
contained_6_n8000,contained_fragment,8000,4000,8666,CPython,9427.8448,8000,10,2
contained_7_n8000,contained_fragment,8000,4000,8666,CPython,9424.8042,8000,10,2
contained_8_n8000,contained_fragment,8000,4000,8666,CPython,9445.27485,8000,10,2
contained_9_n8000,contained_fragment,8000,4000,8666,CPython,9446.98075,8000,10,2
random_0_n8000,random_uniform,8000,8000,8000,CPython,17590.5036,3591,10,2
random_1_n8000,random_uniform,8000,8000,8000,CPython,17581.3363,3619,10,2
random_2_n8000,random_uniform,8000,8000,8000,CPython,17593.4828,3569,10,2
random_3_n8000,random_uniform,8000,8000,8000,CPython,17602.8623,3514,10,2
random_4_n8000,random_uniform,8000,8000,8000,CPython,17565.46765,3570,10,2
random_5_n8000,random_uniform,8000,8000,8000,CPython,17653.5425,3612,10,2
random_6_n8000,random_uniform,8000,8000,8000,CPython,17585.1242,3561,10,2
random_7_n8000,random_uniform,8000,8000,8000,CPython,17633.31645,3557,10,2
random_8_n8000,random_uniform,8000,8000,8000,CPython,18126.61885,3605,10,2
random_9_n8000,random_uniform,8000,8000,8000,CPython,17664.471,3606,10,2
homologous_0_n10000,homologous_region,10000,10000,10000,CPython,27638.65965,18533,10,2
homologous_1_n10000,homologous_region,10000,10000,10000,CPython,27638.35505,18557,10,2
homologous_2_n10000,homologous_region,10000,10000,10000,CPython,27580.4963,18566,10,2
homologous_3_n10000,homologous_region,10000,10000,10000,CPython,27613.2288,18533,10,2
homologous_4_n10000,homologous_region,10000,10000,10000,CPython,27793.98485,18593,10,2
homologous_5_n10000,homologous_region,10000,10000,10000,CPython,27579.6833,18557,10,2
homologous_6_n10000,homologous_region,10000,10000,10000,CPython,27616.57125,18575,10,2
homologous_7_n10000,homologous_region,10000,10000,10000,CPython,27479.67215,18533,10,2
homologous_8_n10000,homologous_region,10000,10000,10000,CPython,27482.5684,18560,10,2
homologous_9_n10000,homologous_region,10000,10000,10000,CPython,27602.66655,18542,10,2
indel_0_n10000,indel_disruption,10000,10000,11250,CPython,31171.81205,17500,10,2
indel_1_n10000,indel_disruption,10000,10000,8750,CPython,23898.6546,14997,10,2
indel_2_n10000,indel_disruption,10000,10000,11250,CPython,31068.21815,17500,10,2
indel_3_n10000,indel_disruption,10000,10000,8750,CPython,24092.86585,14997,10,2
indel_4_n10000,indel_disruption,10000,10000,11250,CPython,31115.65605,17500,10,2
indel_5_n10000,indel_disruption,10000,10000,8750,CPython,23983.42465,14997,10,2
indel_6_n10000,indel_disruption,10000,10000,11250,CPython,31255.325,17500,10,2
indel_7_n10000,indel_disruption,10000,10000,8750,CPython,23946.4459,14997,10,2
indel_8_n10000,indel_disruption,10000,10000,11250,CPython,30993.3901,17500,10,2
indel_9_n10000,indel_disruption,10000,10000,8750,CPython,24038.0568,14997,10,2
motif_0_n10000,conserved_motif,10000,10000,10000,CPython,27663.0534,5909,10,2
motif_1_n10000,conserved_motif,10000,10000,10000,CPython,27766.564,6214,10,2
motif_2_n10000,conserved_motif,10000,10000,10000,CPython,27541.08545,5823,10,2
motif_3_n10000,conserved_motif,10000,10000,10000,CPython,27576.3739,6750,10,2
motif_4_n10000,conserved_motif,10000,10000,10000,CPython,27641.23715,4479,10,2
motif_5_n10000,conserved_motif,10000,10000,10000,CPython,27528.95725,4327,10,2
motif_6_n10000,conserved_motif,10000,10000,10000,CPython,27669.0219,5430,10,2
motif_7_n10000,conserved_motif,10000,10000,10000,CPython,27586.9743,6662,10,2
motif_8_n10000,conserved_motif,10000,10000,10000,CPython,27605.54095,6233,10,2
motif_9_n10000,conserved_motif,10000,10000,10000,CPython,27493.8086,4480,10,2
contained_0_n10000,contained_fragment,10000,5000,10833,CPython,14868.30165,10000,10,2
contained_1_n10000,contained_fragment,10000,5000,10833,CPython,14855.82785,10000,10,2
contained_2_n10000,contained_fragment,10000,5000,10833,CPython,14881.65495,10000,10,2
contained_3_n10000,contained_fragment,10000,5000,10833,CPython,14805.46775,10000,10,2
contained_4_n10000,contained_fragment,10000,5000,10833,CPython,15004.0113,10000,10,2
contained_5_n10000,contained_fragment,10000,5000,10833,CPython,14874.06505,10000,10,2
contained_6_n10000,contained_fragment,10000,5000,10833,CPython,14834.4258,10000,10,2
contained_7_n10000,contained_fragment,10000,5000,10833,CPython,14922.2561,10000,10,2
contained_8_n10000,contained_fragment,10000,5000,10833,CPython,14828.56835,10000,10,2
contained_9_n10000,contained_fragment,10000,5000,10833,CPython,14848.5797,10000,10,2
random_0_n10000,random_uniform,10000,10000,10000,CPython,27656.28245,4418,10,2
random_1_n10000,random_uniform,10000,10000,10000,CPython,27707.6416,4557,10,2
random_2_n10000,random_uniform,10000,10000,10000,CPython,27586.15215,4557,10,2
random_3_n10000,random_uniform,10000,10000,10000,CPython,27540.16015,4409,10,2
random_4_n10000,random_uniform,10000,10000,10000,CPython,27627.96645,4438,10,2
random_5_n10000,random_uniform,10000,10000,10000,CPython,27621.00805,4480,10,2
random_6_n10000,random_uniform,10000,10000,10000,CPython,27847.72845,4514,10,2
random_7_n10000,random_uniform,10000,10000,10000,CPython,27625.58785,4522,10,2
random_8_n10000,random_uniform,10000,10000,10000,CPython,27542.4887,4573,10,2
random_9_n10000,random_uniform,10000,10000,10000,CPython,27671.13025,4419,10,2
homologous_0_n100,homologous_region,100,100,100,CPython JIT,1.213,185,10,2
homologous_1_n100,homologous_region,100,100,100,CPython JIT,1.26135,185,10,2
homologous_2_n100,homologous_region,100,100,100,CPython JIT,1.4064,185,10,2
homologous_3_n100,homologous_region,100,100,100,CPython JIT,1.2682,186,10,2
homologous_4_n100,homologous_region,100,100,100,CPython JIT,1.25325,185,10,2
homologous_5_n100,homologous_region,100,100,100,CPython JIT,1.25235,185,10,2
homologous_6_n100,homologous_region,100,100,100,CPython JIT,1.23025,185,10,2
homologous_7_n100,homologous_region,100,100,100,CPython JIT,1.3339,185,10,2
homologous_8_n100,homologous_region,100,100,100,CPython JIT,1.3448,185,10,2
homologous_9_n100,homologous_region,100,100,100,CPython JIT,1.36885,185,10,2
indel_0_n100,indel_disruption,100,100,112,CPython JIT,1.3628,176,10,2
indel_1_n100,indel_disruption,100,100,88,CPython JIT,1.207,149,10,2
indel_2_n100,indel_disruption,100,100,112,CPython JIT,1.4714,176,10,2
indel_3_n100,indel_disruption,100,100,88,CPython JIT,1.2627,149,10,2
indel_4_n100,indel_disruption,100,100,112,CPython JIT,1.58945,176,10,2
indel_5_n100,indel_disruption,100,100,88,CPython JIT,1.2601,149,10,2
indel_6_n100,indel_disruption,100,100,112,CPython JIT,1.41815,176,10,2
indel_7_n100,indel_disruption,100,100,88,CPython JIT,1.0804,149,10,2
indel_8_n100,indel_disruption,100,100,112,CPython JIT,1.4843,176,10,2
indel_9_n100,indel_disruption,100,100,88,CPython JIT,1.22295,149,10,2
motif_0_n100,conserved_motif,100,100,100,CPython JIT,1.29415,62,10,2
motif_1_n100,conserved_motif,100,100,100,CPython JIT,1.42375,65,10,2
motif_2_n100,conserved_motif,100,100,100,CPython JIT,1.43755,52,10,2
motif_3_n100,conserved_motif,100,100,100,CPython JIT,1.4106,56,10,2
motif_4_n100,conserved_motif,100,100,100,CPython JIT,1.43575,52,10,2
motif_5_n100,conserved_motif,100,100,100,CPython JIT,1.1912,46,10,2
motif_6_n100,conserved_motif,100,100,100,CPython JIT,1.22805,46,10,2
motif_7_n100,conserved_motif,100,100,100,CPython JIT,1.3331,50,10,2
motif_8_n100,conserved_motif,100,100,100,CPython JIT,1.23225,55,10,2
motif_9_n100,conserved_motif,100,100,100,CPython JIT,1.21885,63,10,2
contained_0_n100,contained_fragment,100,50,108,CPython JIT,0.67135,100,10,2
contained_1_n100,contained_fragment,100,50,108,CPython JIT,0.7215,100,10,2
contained_2_n100,contained_fragment,100,50,108,CPython JIT,0.74875,100,10,2
contained_3_n100,contained_fragment,100,50,108,CPython JIT,0.7421,100,10,2
contained_4_n100,contained_fragment,100,50,108,CPython JIT,0.79625,100,10,2
contained_5_n100,contained_fragment,100,50,108,CPython JIT,0.7419,100,10,2
contained_6_n100,contained_fragment,100,50,108,CPython JIT,0.683,100,10,2
contained_7_n100,contained_fragment,100,50,108,CPython JIT,0.7048,100,10,2
contained_8_n100,contained_fragment,100,50,108,CPython JIT,0.6604,100,10,2
contained_9_n100,contained_fragment,100,50,108,CPython JIT,0.6713,100,10,2
random_0_n100,random_uniform,100,100,100,CPython JIT,1.32465,44,10,2
random_1_n100,random_uniform,100,100,100,CPython JIT,1.2001,45,10,2
random_2_n100,random_uniform,100,100,100,CPython JIT,1.2168,54,10,2
random_3_n100,random_uniform,100,100,100,CPython JIT,1.388,49,10,2
random_4_n100,random_uniform,100,100,100,CPython JIT,1.33735,35,10,2
random_5_n100,random_uniform,100,100,100,CPython JIT,1.3211,49,10,2
random_6_n100,random_uniform,100,100,100,CPython JIT,1.46695,39,10,2
random_7_n100,random_uniform,100,100,100,CPython JIT,1.49585,50,10,2
random_8_n100,random_uniform,100,100,100,CPython JIT,1.2547,45,10,2
random_9_n100,random_uniform,100,100,100,CPython JIT,1.38325,51,10,2
homologous_0_n200,homologous_region,200,200,200,CPython JIT,5.42745,370,10,2
homologous_1_n200,homologous_region,200,200,200,CPython JIT,5.3412,373,10,2
homologous_2_n200,homologous_region,200,200,200,CPython JIT,5.60585,370,10,2
homologous_3_n200,homologous_region,200,200,200,CPython JIT,5.69695,382,10,2
homologous_4_n200,homologous_region,200,200,200,CPython JIT,5.2831,376,10,2
homologous_5_n200,homologous_region,200,200,200,CPython JIT,5.49875,370,10,2
homologous_6_n200,homologous_region,200,200,200,CPython JIT,5.56555,370,10,2
homologous_7_n200,homologous_region,200,200,200,CPython JIT,5.51935,370,10,2
homologous_8_n200,homologous_region,200,200,200,CPython JIT,5.2226,370,10,2
homologous_9_n200,homologous_region,200,200,200,CPython JIT,5.2693,375,10,2
indel_0_n200,indel_disruption,200,200,225,CPython JIT,6.1128,350,10,2
indel_1_n200,indel_disruption,200,200,175,CPython JIT,4.81485,297,10,2
indel_2_n200,indel_disruption,200,200,225,CPython JIT,6.2876,350,10,2
indel_3_n200,indel_disruption,200,200,175,CPython JIT,4.84905,297,10,2
indel_4_n200,indel_disruption,200,200,225,CPython JIT,6.19855,350,10,2
indel_5_n200,indel_disruption,200,200,175,CPython JIT,4.773,297,10,2
indel_6_n200,indel_disruption,200,200,225,CPython JIT,5.81255,350,10,2
indel_7_n200,indel_disruption,200,200,175,CPython JIT,4.2092,297,10,2
indel_8_n200,indel_disruption,200,200,225,CPython JIT,5.51255,350,10,2
indel_9_n200,indel_disruption,200,200,175,CPython JIT,4.578,297,10,2
motif_0_n200,conserved_motif,200,200,200,CPython JIT,5.40735,130,10,2
motif_1_n200,conserved_motif,200,200,200,CPython JIT,5.26165,119,10,2
motif_2_n200,conserved_motif,200,200,200,CPython JIT,5.52045,90,10,2
motif_3_n200,conserved_motif,200,200,200,CPython JIT,5.61785,123,10,2
motif_4_n200,conserved_motif,200,200,200,CPython JIT,5.52275,120,10,2
motif_5_n200,conserved_motif,200,200,200,CPython JIT,5.5324,114,10,2
motif_6_n200,conserved_motif,200,200,200,CPython JIT,5.26835,121,10,2
motif_7_n200,conserved_motif,200,200,200,CPython JIT,5.3105,129,10,2
motif_8_n200,conserved_motif,200,200,200,CPython JIT,5.14655,98,10,2
motif_9_n200,conserved_motif,200,200,200,CPython JIT,5.19595,122,10,2
contained_0_n200,contained_fragment,200,100,216,CPython JIT,2.9533,200,10,2
contained_1_n200,contained_fragment,200,100,216,CPython JIT,2.99955,200,10,2
contained_2_n200,contained_fragment,200,100,216,CPython JIT,2.99505,200,10,2
contained_3_n200,contained_fragment,200,100,216,CPython JIT,2.86335,200,10,2
contained_4_n200,contained_fragment,200,100,216,CPython JIT,2.8774,200,10,2
contained_5_n200,contained_fragment,200,100,216,CPython JIT,2.93265,200,10,2
contained_6_n200,contained_fragment,200,100,216,CPython JIT,2.8776,200,10,2
contained_7_n200,contained_fragment,200,100,216,CPython JIT,2.74995,200,10,2
contained_8_n200,contained_fragment,200,100,216,CPython JIT,2.55915,200,10,2
contained_9_n200,contained_fragment,200,100,216,CPython JIT,2.8926,200,10,2
random_0_n200,random_uniform,200,200,200,CPython JIT,5.49695,84,10,2
random_1_n200,random_uniform,200,200,200,CPython JIT,5.5064,86,10,2
random_2_n200,random_uniform,200,200,200,CPython JIT,5.4819,88,10,2
random_3_n200,random_uniform,200,200,200,CPython JIT,5.4839,82,10,2
random_4_n200,random_uniform,200,200,200,CPython JIT,5.44415,95,10,2
random_5_n200,random_uniform,200,200,200,CPython JIT,4.8555,83,10,2
random_6_n200,random_uniform,200,200,200,CPython JIT,5.4685,95,10,2
random_7_n200,random_uniform,200,200,200,CPython JIT,5.4902,100,10,2
random_8_n200,random_uniform,200,200,200,CPython JIT,4.7124,99,10,2
random_9_n200,random_uniform,200,200,200,CPython JIT,5.00285,85,10,2
homologous_0_n500,homologous_region,500,500,500,CPython JIT,39.4503,934,10,2
homologous_1_n500,homologous_region,500,500,500,CPython JIT,39.33835,925,10,2
homologous_2_n500,homologous_region,500,500,500,CPython JIT,39.65725,931,10,2
homologous_3_n500,homologous_region,500,500,500,CPython JIT,40.3243,925,10,2
homologous_4_n500,homologous_region,500,500,500,CPython JIT,42.05315,925,10,2
homologous_5_n500,homologous_region,500,500,500,CPython JIT,44.6771,925,10,2
homologous_6_n500,homologous_region,500,500,500,CPython JIT,40.5121,925,10,2
homologous_7_n500,homologous_region,500,500,500,CPython JIT,41.28045,925,10,2
homologous_8_n500,homologous_region,500,500,500,CPython JIT,40.23085,925,10,2
homologous_9_n500,homologous_region,500,500,500,CPython JIT,39.45395,928,10,2
indel_0_n500,indel_disruption,500,500,562,CPython JIT,44.1424,876,10,2
indel_1_n500,indel_disruption,500,500,438,CPython JIT,33.08165,749,10,2
indel_2_n500,indel_disruption,500,500,562,CPython JIT,45.57045,876,10,2
indel_3_n500,indel_disruption,500,500,438,CPython JIT,34.0975,749,10,2
indel_4_n500,indel_disruption,500,500,562,CPython JIT,48.5654,876,10,2
indel_5_n500,indel_disruption,500,500,438,CPython JIT,33.7899,749,10,2
indel_6_n500,indel_disruption,500,500,562,CPython JIT,45.0911,876,10,2
indel_7_n500,indel_disruption,500,500,438,CPython JIT,33.78235,749,10,2
indel_8_n500,indel_disruption,500,500,562,CPython JIT,43.60105,876,10,2
indel_9_n500,indel_disruption,500,500,438,CPython JIT,33.3946,749,10,2
motif_0_n500,conserved_motif,500,500,500,CPython JIT,36.67665,262,10,2
motif_1_n500,conserved_motif,500,500,500,CPython JIT,38.3674,355,10,2
motif_2_n500,conserved_motif,500,500,500,CPython JIT,37.1954,295,10,2
motif_3_n500,conserved_motif,500,500,500,CPython JIT,37.3822,329,10,2
motif_4_n500,conserved_motif,500,500,500,CPython JIT,37.0101,289,10,2
motif_5_n500,conserved_motif,500,500,500,CPython JIT,39.5097,271,10,2
motif_6_n500,conserved_motif,500,500,500,CPython JIT,37.03915,308,10,2
motif_7_n500,conserved_motif,500,500,500,CPython JIT,36.8792,207,10,2
motif_8_n500,conserved_motif,500,500,500,CPython JIT,36.62055,263,10,2
motif_9_n500,conserved_motif,500,500,500,CPython JIT,36.01965,288,10,2
contained_0_n500,contained_fragment,500,250,541,CPython JIT,20.2645,500,10,2
contained_1_n500,contained_fragment,500,250,541,CPython JIT,19.61895,500,10,2
contained_2_n500,contained_fragment,500,250,541,CPython JIT,20.1503,500,10,2
contained_3_n500,contained_fragment,500,250,541,CPython JIT,20.5002,500,10,2
contained_4_n500,contained_fragment,500,250,541,CPython JIT,20.5541,500,10,2
contained_5_n500,contained_fragment,500,250,541,CPython JIT,19.71285,500,10,2
contained_6_n500,contained_fragment,500,250,541,CPython JIT,20.36785,500,10,2
contained_7_n500,contained_fragment,500,250,541,CPython JIT,19.71985,500,10,2
contained_8_n500,contained_fragment,500,250,541,CPython JIT,20.15765,500,10,2
contained_9_n500,contained_fragment,500,250,541,CPython JIT,20.16285,500,10,2
random_0_n500,random_uniform,500,500,500,CPython JIT,36.8733,246,10,2
random_1_n500,random_uniform,500,500,500,CPython JIT,39.92345,200,10,2
random_2_n500,random_uniform,500,500,500,CPython JIT,38.1344,228,10,2
random_3_n500,random_uniform,500,500,500,CPython JIT,37.11895,202,10,2
random_4_n500,random_uniform,500,500,500,CPython JIT,39.66345,224,10,2
random_5_n500,random_uniform,500,500,500,CPython JIT,36.7117,234,10,2
random_6_n500,random_uniform,500,500,500,CPython JIT,36.7302,202,10,2
random_7_n500,random_uniform,500,500,500,CPython JIT,35.87805,226,10,2
random_8_n500,random_uniform,500,500,500,CPython JIT,36.1035,220,10,2
random_9_n500,random_uniform,500,500,500,CPython JIT,35.95055,205,10,2
homologous_0_n800,homologous_region,800,800,800,CPython JIT,106.40755,1484,10,2
homologous_1_n800,homologous_region,800,800,800,CPython JIT,104.65995,1486,10,2
homologous_2_n800,homologous_region,800,800,800,CPython JIT,104.4724,1492,10,2
homologous_3_n800,homologous_region,800,800,800,CPython JIT,104.1391,1481,10,2
homologous_4_n800,homologous_region,800,800,800,CPython JIT,104.6478,1483,10,2
homologous_5_n800,homologous_region,800,800,800,CPython JIT,104.44255,1486,10,2
homologous_6_n800,homologous_region,800,800,800,CPython JIT,111.36915,1486,10,2
homologous_7_n800,homologous_region,800,800,800,CPython JIT,103.82455,1483,10,2
homologous_8_n800,homologous_region,800,800,800,CPython JIT,106.25545,1480,10,2
homologous_9_n800,homologous_region,800,800,800,CPython JIT,102.58315,1487,10,2
indel_0_n800,indel_disruption,800,800,900,CPython JIT,118.9928,1400,10,2
indel_1_n800,indel_disruption,800,800,700,CPython JIT,90.6757,1197,10,2
indel_2_n800,indel_disruption,800,800,900,CPython JIT,120.5603,1400,10,2
indel_3_n800,indel_disruption,800,800,700,CPython JIT,90.53555,1200,10,2
indel_4_n800,indel_disruption,800,800,900,CPython JIT,116.6567,1400,10,2
indel_5_n800,indel_disruption,800,800,700,CPython JIT,90.01645,1197,10,2
indel_6_n800,indel_disruption,800,800,900,CPython JIT,119.2661,1400,10,2
indel_7_n800,indel_disruption,800,800,700,CPython JIT,90.30435,1197,10,2
indel_8_n800,indel_disruption,800,800,900,CPython JIT,118.6112,1400,10,2
indel_9_n800,indel_disruption,800,800,700,CPython JIT,91.1718,1197,10,2
motif_0_n800,conserved_motif,800,800,800,CPython JIT,101.66785,376,10,2
motif_1_n800,conserved_motif,800,800,800,CPython JIT,99.80855,365,10,2
motif_2_n800,conserved_motif,800,800,800,CPython JIT,102.14535,556,10,2
motif_3_n800,conserved_motif,800,800,800,CPython JIT,101.57005,504,10,2
motif_4_n800,conserved_motif,800,800,800,CPython JIT,102.21965,544,10,2
motif_5_n800,conserved_motif,800,800,800,CPython JIT,100.84605,516,10,2
motif_6_n800,conserved_motif,800,800,800,CPython JIT,106.77795,476,10,2
motif_7_n800,conserved_motif,800,800,800,CPython JIT,100.8657,537,10,2
motif_8_n800,conserved_motif,800,800,800,CPython JIT,101.83,512,10,2
motif_9_n800,conserved_motif,800,800,800,CPython JIT,98.87065,398,10,2
contained_0_n800,contained_fragment,800,400,866,CPython JIT,53.11835,800,10,2
contained_1_n800,contained_fragment,800,400,866,CPython JIT,53.6003,800,10,2
contained_2_n800,contained_fragment,800,400,866,CPython JIT,54.6085,800,10,2
contained_3_n800,contained_fragment,800,400,866,CPython JIT,54.4567,800,10,2
contained_4_n800,contained_fragment,800,400,866,CPython JIT,54.8018,800,10,2
contained_5_n800,contained_fragment,800,400,866,CPython JIT,54.23625,800,10,2
contained_6_n800,contained_fragment,800,400,866,CPython JIT,53.8393,800,10,2
contained_7_n800,contained_fragment,800,400,866,CPython JIT,54.70235,800,10,2
contained_8_n800,contained_fragment,800,400,866,CPython JIT,55.1784,800,10,2
contained_9_n800,contained_fragment,800,400,866,CPython JIT,53.3438,800,10,2
random_0_n800,random_uniform,800,800,800,CPython JIT,98.89175,343,10,2
random_1_n800,random_uniform,800,800,800,CPython JIT,98.75625,343,10,2
random_2_n800,random_uniform,800,800,800,CPython JIT,99.3765,381,10,2
random_3_n800,random_uniform,800,800,800,CPython JIT,98.867,366,10,2
random_4_n800,random_uniform,800,800,800,CPython JIT,98.71735,359,10,2
random_5_n800,random_uniform,800,800,800,CPython JIT,98.68275,348,10,2
random_6_n800,random_uniform,800,800,800,CPython JIT,97.41945,349,10,2
random_7_n800,random_uniform,800,800,800,CPython JIT,96.14615,352,10,2
random_8_n800,random_uniform,800,800,800,CPython JIT,96.70245,335,10,2
random_9_n800,random_uniform,800,800,800,CPython JIT,97.52965,377,10,2
homologous_0_n1000,homologous_region,1000,1000,1000,CPython JIT,165.35,1865,10,2
homologous_1_n1000,homologous_region,1000,1000,1000,CPython JIT,165.4779,1853,10,2
homologous_2_n1000,homologous_region,1000,1000,1000,CPython JIT,165.00365,1850,10,2
homologous_3_n1000,homologous_region,1000,1000,1000,CPython JIT,164.73415,1853,10,2
homologous_4_n1000,homologous_region,1000,1000,1000,CPython JIT,165.7824,1850,10,2
homologous_5_n1000,homologous_region,1000,1000,1000,CPython JIT,167.98025,1862,10,2
homologous_6_n1000,homologous_region,1000,1000,1000,CPython JIT,163.0776,1850,10,2
homologous_7_n1000,homologous_region,1000,1000,1000,CPython JIT,165.8732,1856,10,2
homologous_8_n1000,homologous_region,1000,1000,1000,CPython JIT,167.4519,1850,10,2
homologous_9_n1000,homologous_region,1000,1000,1000,CPython JIT,164.37825,1850,10,2
indel_0_n1000,indel_disruption,1000,1000,1125,CPython JIT,190.26425,1750,10,2
indel_1_n1000,indel_disruption,1000,1000,875,CPython JIT,143.3216,1497,10,2
indel_2_n1000,indel_disruption,1000,1000,1125,CPython JIT,188.56345,1750,10,2
indel_3_n1000,indel_disruption,1000,1000,875,CPython JIT,144.34015,1497,10,2
indel_4_n1000,indel_disruption,1000,1000,1125,CPython JIT,185.16705,1750,10,2
indel_5_n1000,indel_disruption,1000,1000,875,CPython JIT,144.62465,1497,10,2
indel_6_n1000,indel_disruption,1000,1000,1125,CPython JIT,185.94775,1750,10,2
indel_7_n1000,indel_disruption,1000,1000,875,CPython JIT,146.3969,1497,10,2
indel_8_n1000,indel_disruption,1000,1000,1125,CPython JIT,190.342,1750,10,2
indel_9_n1000,indel_disruption,1000,1000,875,CPython JIT,144.32315,1500,10,2
motif_0_n1000,conserved_motif,1000,1000,1000,CPython JIT,169.9976,592,10,2
motif_1_n1000,conserved_motif,1000,1000,1000,CPython JIT,161.62045,466,10,2
motif_2_n1000,conserved_motif,1000,1000,1000,CPython JIT,161.1783,516,10,2
motif_3_n1000,conserved_motif,1000,1000,1000,CPython JIT,163.7506,577,10,2
motif_4_n1000,conserved_motif,1000,1000,1000,CPython JIT,160.2349,558,10,2
motif_5_n1000,conserved_motif,1000,1000,1000,CPython JIT,163.20035,616,10,2
motif_6_n1000,conserved_motif,1000,1000,1000,CPython JIT,161.1249,656,10,2
motif_7_n1000,conserved_motif,1000,1000,1000,CPython JIT,159.67755,496,10,2
motif_8_n1000,conserved_motif,1000,1000,1000,CPython JIT,159.80315,608,10,2
motif_9_n1000,conserved_motif,1000,1000,1000,CPython JIT,163.86135,554,10,2
contained_0_n1000,contained_fragment,1000,500,1083,CPython JIT,87.1972,1000,10,2
contained_1_n1000,contained_fragment,1000,500,1083,CPython JIT,90.08205,1000,10,2
contained_2_n1000,contained_fragment,1000,500,1083,CPython JIT,89.2428,1000,10,2
contained_3_n1000,contained_fragment,1000,500,1083,CPython JIT,88.89045,1000,10,2
contained_4_n1000,contained_fragment,1000,500,1083,CPython JIT,88.8134,1000,10,2
contained_5_n1000,contained_fragment,1000,500,1083,CPython JIT,89.06945,1000,10,2
contained_6_n1000,contained_fragment,1000,500,1083,CPython JIT,89.4096,1000,10,2
contained_7_n1000,contained_fragment,1000,500,1083,CPython JIT,89.12525,1000,10,2
contained_8_n1000,contained_fragment,1000,500,1083,CPython JIT,89.30105,1000,10,2
contained_9_n1000,contained_fragment,1000,500,1083,CPython JIT,89.11255,1000,10,2
random_0_n1000,random_uniform,1000,1000,1000,CPython JIT,164.87275,444,10,2
random_1_n1000,random_uniform,1000,1000,1000,CPython JIT,162.1445,428,10,2
random_2_n1000,random_uniform,1000,1000,1000,CPython JIT,164.49185,436,10,2
random_3_n1000,random_uniform,1000,1000,1000,CPython JIT,164.79805,434,10,2
random_4_n1000,random_uniform,1000,1000,1000,CPython JIT,163.60455,431,10,2
random_5_n1000,random_uniform,1000,1000,1000,CPython JIT,165.7203,455,10,2
random_6_n1000,random_uniform,1000,1000,1000,CPython JIT,161.3272,451,10,2
random_7_n1000,random_uniform,1000,1000,1000,CPython JIT,161.1559,427,10,2
random_8_n1000,random_uniform,1000,1000,1000,CPython JIT,161.572,456,10,2
random_9_n1000,random_uniform,1000,1000,1000,CPython JIT,162.4091,449,10,2
homologous_0_n2000,homologous_region,2000,2000,2000,CPython JIT,705.82095,3715,10,2
homologous_1_n2000,homologous_region,2000,2000,2000,CPython JIT,703.14105,3730,10,2
homologous_2_n2000,homologous_region,2000,2000,2000,CPython JIT,697.7799,3706,10,2
homologous_3_n2000,homologous_region,2000,2000,2000,CPython JIT,696.3558,3710,10,2
homologous_4_n2000,homologous_region,2000,2000,2000,CPython JIT,701.83315,3709,10,2
homologous_5_n2000,homologous_region,2000,2000,2000,CPython JIT,699.793,3709,10,2
homologous_6_n2000,homologous_region,2000,2000,2000,CPython JIT,698.03525,3709,10,2
homologous_7_n2000,homologous_region,2000,2000,2000,CPython JIT,699.3251,3704,10,2
homologous_8_n2000,homologous_region,2000,2000,2000,CPython JIT,702.5615,3715,10,2
homologous_9_n2000,homologous_region,2000,2000,2000,CPython JIT,698.9889,3712,10,2
indel_0_n2000,indel_disruption,2000,2000,2250,CPython JIT,801.5952,3500,10,2
indel_1_n2000,indel_disruption,2000,2000,1750,CPython JIT,613.0325,2997,10,2
indel_2_n2000,indel_disruption,2000,2000,2250,CPython JIT,794.7506,3500,10,2
indel_3_n2000,indel_disruption,2000,2000,1750,CPython JIT,610.7687,2997,10,2
indel_4_n2000,indel_disruption,2000,2000,2250,CPython JIT,796.86245,3500,10,2
indel_5_n2000,indel_disruption,2000,2000,1750,CPython JIT,608.329,2997,10,2
indel_6_n2000,indel_disruption,2000,2000,2250,CPython JIT,799.43695,3500,10,2
indel_7_n2000,indel_disruption,2000,2000,1750,CPython JIT,611.23475,2997,10,2
indel_8_n2000,indel_disruption,2000,2000,2250,CPython JIT,784.1424,3500,10,2
indel_9_n2000,indel_disruption,2000,2000,1750,CPython JIT,604.71145,3000,10,2
motif_0_n2000,conserved_motif,2000,2000,2000,CPython JIT,695.2457,1240,10,2
motif_1_n2000,conserved_motif,2000,2000,2000,CPython JIT,696.02825,1200,10,2
motif_2_n2000,conserved_motif,2000,2000,2000,CPython JIT,695.4707,1325,10,2
motif_3_n2000,conserved_motif,2000,2000,2000,CPython JIT,705.60675,1231,10,2
motif_4_n2000,conserved_motif,2000,2000,2000,CPython JIT,710.3576,897,10,2
motif_5_n2000,conserved_motif,2000,2000,2000,CPython JIT,700.19575,1390,10,2
motif_6_n2000,conserved_motif,2000,2000,2000,CPython JIT,708.44765,865,10,2
motif_7_n2000,conserved_motif,2000,2000,2000,CPython JIT,692.6773,1376,10,2
motif_8_n2000,conserved_motif,2000,2000,2000,CPython JIT,705.1748,1309,10,2
motif_9_n2000,conserved_motif,2000,2000,2000,CPython JIT,704.95025,1358,10,2
contained_0_n2000,contained_fragment,2000,1000,2166,CPython JIT,369.81195,2000,10,2
contained_1_n2000,contained_fragment,2000,1000,2166,CPython JIT,370.2433,2000,10,2
contained_2_n2000,contained_fragment,2000,1000,2166,CPython JIT,368.31255,2000,10,2
contained_3_n2000,contained_fragment,2000,1000,2166,CPython JIT,365.1836,2000,10,2
contained_4_n2000,contained_fragment,2000,1000,2166,CPython JIT,369.2682,2000,10,2
contained_5_n2000,contained_fragment,2000,1000,2166,CPython JIT,370.44885,2000,10,2
contained_6_n2000,contained_fragment,2000,1000,2166,CPython JIT,368.543,2000,10,2
contained_7_n2000,contained_fragment,2000,1000,2166,CPython JIT,369.12675,2000,10,2
contained_8_n2000,contained_fragment,2000,1000,2166,CPython JIT,369.51615,2000,10,2
contained_9_n2000,contained_fragment,2000,1000,2166,CPython JIT,369.6075,2000,10,2
random_0_n2000,random_uniform,2000,2000,2000,CPython JIT,701.14795,918,10,2
random_1_n2000,random_uniform,2000,2000,2000,CPython JIT,701.50765,900,10,2
random_2_n2000,random_uniform,2000,2000,2000,CPython JIT,693.1515,882,10,2
random_3_n2000,random_uniform,2000,2000,2000,CPython JIT,712.83055,942,10,2
random_4_n2000,random_uniform,2000,2000,2000,CPython JIT,693.69395,882,10,2
random_5_n2000,random_uniform,2000,2000,2000,CPython JIT,708.55935,871,10,2
random_6_n2000,random_uniform,2000,2000,2000,CPython JIT,694.3334,872,10,2
random_7_n2000,random_uniform,2000,2000,2000,CPython JIT,700.9874,889,10,2
random_8_n2000,random_uniform,2000,2000,2000,CPython JIT,694.83245,893,10,2
random_9_n2000,random_uniform,2000,2000,2000,CPython JIT,694.3852,869,10,2
homologous_0_n5000,homologous_region,5000,5000,5000,CPython JIT,4591.00345,9268,10,2
homologous_1_n5000,homologous_region,5000,5000,5000,CPython JIT,4602.4951,9280,10,2
homologous_2_n5000,homologous_region,5000,5000,5000,CPython JIT,4565.51125,9271,10,2
homologous_3_n5000,homologous_region,5000,5000,5000,CPython JIT,4601.82945,9307,10,2
homologous_4_n5000,homologous_region,5000,5000,5000,CPython JIT,4546.29735,9277,10,2
homologous_5_n5000,homologous_region,5000,5000,5000,CPython JIT,4568.05215,9277,10,2
homologous_6_n5000,homologous_region,5000,5000,5000,CPython JIT,4585.73615,9274,10,2
homologous_7_n5000,homologous_region,5000,5000,5000,CPython JIT,4579.6541,9268,10,2
homologous_8_n5000,homologous_region,5000,5000,5000,CPython JIT,4559.67555,9266,10,2
homologous_9_n5000,homologous_region,5000,5000,5000,CPython JIT,4552.7788,9268,10,2
indel_0_n5000,indel_disruption,5000,5000,5625,CPython JIT,5158.3215,8750,10,2
indel_1_n5000,indel_disruption,5000,5000,4375,CPython JIT,3976.69475,7497,10,2
indel_2_n5000,indel_disruption,5000,5000,5625,CPython JIT,5127.18735,8750,10,2
indel_3_n5000,indel_disruption,5000,5000,4375,CPython JIT,3982.1839,7500,10,2
indel_4_n5000,indel_disruption,5000,5000,5625,CPython JIT,5162.44,8750,10,2
indel_5_n5000,indel_disruption,5000,5000,4375,CPython JIT,4012.63535,7497,10,2
indel_6_n5000,indel_disruption,5000,5000,5625,CPython JIT,5146.35,8750,10,2
indel_7_n5000,indel_disruption,5000,5000,4375,CPython JIT,3965.3398,7497,10,2
indel_8_n5000,indel_disruption,5000,5000,5625,CPython JIT,5144.44865,8750,10,2
indel_9_n5000,indel_disruption,5000,5000,4375,CPython JIT,4022.08085,7497,10,2
motif_0_n5000,conserved_motif,5000,5000,5000,CPython JIT,4592.6026,2492,10,2
motif_1_n5000,conserved_motif,5000,5000,5000,CPython JIT,4644.2949,3199,10,2
motif_2_n5000,conserved_motif,5000,5000,5000,CPython JIT,4631.00595,3386,10,2
motif_3_n5000,conserved_motif,5000,5000,5000,CPython JIT,4695.3342,2085,10,2
motif_4_n5000,conserved_motif,5000,5000,5000,CPython JIT,4547.99115,3438,10,2
motif_5_n5000,conserved_motif,5000,5000,5000,CPython JIT,4567.3992,2194,10,2
motif_6_n5000,conserved_motif,5000,5000,5000,CPython JIT,4601.5713,2127,10,2
motif_7_n5000,conserved_motif,5000,5000,5000,CPython JIT,4590.5653,2633,10,2
motif_8_n5000,conserved_motif,5000,5000,5000,CPython JIT,4569.9107,3340,10,2
motif_9_n5000,conserved_motif,5000,5000,5000,CPython JIT,4580.6755,2758,10,2
contained_0_n5000,contained_fragment,5000,2500,5416,CPython JIT,2425.2252,5000,10,2
contained_1_n5000,contained_fragment,5000,2500,5416,CPython JIT,2445.435,5000,10,2
contained_2_n5000,contained_fragment,5000,2500,5416,CPython JIT,2443.15215,5000,10,2
contained_3_n5000,contained_fragment,5000,2500,5416,CPython JIT,2449.0435,5000,10,2
contained_4_n5000,contained_fragment,5000,2500,5416,CPython JIT,2446.04695,5000,10,2
contained_5_n5000,contained_fragment,5000,2500,5416,CPython JIT,2472.74695,5000,10,2
contained_6_n5000,contained_fragment,5000,2500,5416,CPython JIT,2480.6088,5000,10,2
contained_7_n5000,contained_fragment,5000,2500,5416,CPython JIT,2486.30635,5000,10,2
contained_8_n5000,contained_fragment,5000,2500,5416,CPython JIT,2441.09305,5000,10,2
contained_9_n5000,contained_fragment,5000,2500,5416,CPython JIT,2421.8375,5000,10,2
random_0_n5000,random_uniform,5000,5000,5000,CPython JIT,4605.3435,2221,10,2
random_1_n5000,random_uniform,5000,5000,5000,CPython JIT,4601.9834,2246,10,2
random_2_n5000,random_uniform,5000,5000,5000,CPython JIT,4619.36105,2310,10,2
random_3_n5000,random_uniform,5000,5000,5000,CPython JIT,4591.77915,2249,10,2
random_4_n5000,random_uniform,5000,5000,5000,CPython JIT,4717.7297,2208,10,2
random_5_n5000,random_uniform,5000,5000,5000,CPython JIT,4618.50415,2232,10,2
random_6_n5000,random_uniform,5000,5000,5000,CPython JIT,4590.95495,2217,10,2
random_7_n5000,random_uniform,5000,5000,5000,CPython JIT,4604.7193,2220,10,2
random_8_n5000,random_uniform,5000,5000,5000,CPython JIT,4604.98045,2199,10,2
random_9_n5000,random_uniform,5000,5000,5000,CPython JIT,4613.38525,2216,10,2
homologous_0_n8000,homologous_region,8000,8000,8000,CPython JIT,11945.75885,14836,10,2
homologous_1_n8000,homologous_region,8000,8000,8000,CPython JIT,11937.1349,14830,10,2
homologous_2_n8000,homologous_region,8000,8000,8000,CPython JIT,12034.5761,14839,10,2
homologous_3_n8000,homologous_region,8000,8000,8000,CPython JIT,11951.4056,14837,10,2
homologous_4_n8000,homologous_region,8000,8000,8000,CPython JIT,12025.21865,14863,10,2
homologous_5_n8000,homologous_region,8000,8000,8000,CPython JIT,11894.9915,14848,10,2
homologous_6_n8000,homologous_region,8000,8000,8000,CPython JIT,11955.3089,14863,10,2
homologous_7_n8000,homologous_region,8000,8000,8000,CPython JIT,12185.59245,14869,10,2
homologous_8_n8000,homologous_region,8000,8000,8000,CPython JIT,12080.5078,14863,10,2
homologous_9_n8000,homologous_region,8000,8000,8000,CPython JIT,12064.92735,14854,10,2
indel_0_n8000,indel_disruption,8000,8000,9000,CPython JIT,13465.09945,14000,10,2
indel_1_n8000,indel_disruption,8000,8000,7000,CPython JIT,10464.9321,11997,10,2
indel_2_n8000,indel_disruption,8000,8000,9000,CPython JIT,13464.54605,14000,10,2
indel_3_n8000,indel_disruption,8000,8000,7000,CPython JIT,10538.2651,11997,10,2
indel_4_n8000,indel_disruption,8000,8000,9000,CPython JIT,13504.50055,14000,10,2
indel_5_n8000,indel_disruption,8000,8000,7000,CPython JIT,10457.7977,11997,10,2
indel_6_n8000,indel_disruption,8000,8000,9000,CPython JIT,13488.9595,14000,10,2
indel_7_n8000,indel_disruption,8000,8000,7000,CPython JIT,10424.9744,11997,10,2
indel_8_n8000,indel_disruption,8000,8000,9000,CPython JIT,13539.26445,14000,10,2
indel_9_n8000,indel_disruption,8000,8000,7000,CPython JIT,10436.5994,11997,10,2
motif_0_n8000,conserved_motif,8000,8000,8000,CPython JIT,12119.5619,5577,10,2
motif_1_n8000,conserved_motif,8000,8000,8000,CPython JIT,12067.1841,4461,10,2
motif_2_n8000,conserved_motif,8000,8000,8000,CPython JIT,12150.8453,4127,10,2
motif_3_n8000,conserved_motif,8000,8000,8000,CPython JIT,12024.3479,3912,10,2
motif_4_n8000,conserved_motif,8000,8000,8000,CPython JIT,12247.3469,5240,10,2
motif_5_n8000,conserved_motif,8000,8000,8000,CPython JIT,11958.93465,4140,10,2
motif_6_n8000,conserved_motif,8000,8000,8000,CPython JIT,12005.3843,5654,10,2
motif_7_n8000,conserved_motif,8000,8000,8000,CPython JIT,12000.64375,4919,10,2
motif_8_n8000,conserved_motif,8000,8000,8000,CPython JIT,11997.76085,4108,10,2
motif_9_n8000,conserved_motif,8000,8000,8000,CPython JIT,12032.9529,4124,10,2
contained_0_n8000,contained_fragment,8000,4000,8666,CPython JIT,6436.35975,8000,10,2
contained_1_n8000,contained_fragment,8000,4000,8666,CPython JIT,6399.42415,8000,10,2
contained_2_n8000,contained_fragment,8000,4000,8666,CPython JIT,6431.53815,8000,10,2
contained_3_n8000,contained_fragment,8000,4000,8666,CPython JIT,6457.73515,8000,10,2
contained_4_n8000,contained_fragment,8000,4000,8666,CPython JIT,6442.1863,8000,10,2
contained_5_n8000,contained_fragment,8000,4000,8666,CPython JIT,6419.4293,8000,10,2
contained_6_n8000,contained_fragment,8000,4000,8666,CPython JIT,6531.03805,8000,10,2
contained_7_n8000,contained_fragment,8000,4000,8666,CPython JIT,6410.6576,8000,10,2
contained_8_n8000,contained_fragment,8000,4000,8666,CPython JIT,6411.82355,8000,10,2
contained_9_n8000,contained_fragment,8000,4000,8666,CPython JIT,6443.90915,8000,10,2
random_0_n8000,random_uniform,8000,8000,8000,CPython JIT,12026.5779,3591,10,2
random_1_n8000,random_uniform,8000,8000,8000,CPython JIT,12060.66355,3619,10,2
random_2_n8000,random_uniform,8000,8000,8000,CPython JIT,12045.31305,3569,10,2
random_3_n8000,random_uniform,8000,8000,8000,CPython JIT,12035.2889,3514,10,2
random_4_n8000,random_uniform,8000,8000,8000,CPython JIT,12075.51,3570,10,2
random_5_n8000,random_uniform,8000,8000,8000,CPython JIT,12111.8016,3612,10,2
random_6_n8000,random_uniform,8000,8000,8000,CPython JIT,12043.36755,3561,10,2
random_7_n8000,random_uniform,8000,8000,8000,CPython JIT,12161.2746,3557,10,2
random_8_n8000,random_uniform,8000,8000,8000,CPython JIT,12023.25185,3605,10,2
random_9_n8000,random_uniform,8000,8000,8000,CPython JIT,12287.87425,3606,10,2
homologous_0_n10000,homologous_region,10000,10000,10000,CPython JIT,18875.6024,18533,10,2
homologous_1_n10000,homologous_region,10000,10000,10000,CPython JIT,18891.1873,18557,10,2
homologous_2_n10000,homologous_region,10000,10000,10000,CPython JIT,18968.33935,18566,10,2
homologous_3_n10000,homologous_region,10000,10000,10000,CPython JIT,19324.19435,18533,10,2
homologous_4_n10000,homologous_region,10000,10000,10000,CPython JIT,19227.95625,18593,10,2
homologous_5_n10000,homologous_region,10000,10000,10000,CPython JIT,19193.26105,18557,10,2
homologous_6_n10000,homologous_region,10000,10000,10000,CPython JIT,19349.66885,18575,10,2
homologous_7_n10000,homologous_region,10000,10000,10000,CPython JIT,19282.01515,18533,10,2
homologous_8_n10000,homologous_region,10000,10000,10000,CPython JIT,19331.9517,18560,10,2
homologous_9_n10000,homologous_region,10000,10000,10000,CPython JIT,19213.01055,18542,10,2
indel_0_n10000,indel_disruption,10000,10000,11250,CPython JIT,21690.71385,17500,10,2
indel_1_n10000,indel_disruption,10000,10000,8750,CPython JIT,16747.27695,14997,10,2
indel_2_n10000,indel_disruption,10000,10000,11250,CPython JIT,21768.49585,17500,10,2
indel_3_n10000,indel_disruption,10000,10000,8750,CPython JIT,16783.4514,14997,10,2
indel_4_n10000,indel_disruption,10000,10000,11250,CPython JIT,21757.6169,17500,10,2
indel_5_n10000,indel_disruption,10000,10000,8750,CPython JIT,16895.1616,14997,10,2
indel_6_n10000,indel_disruption,10000,10000,11250,CPython JIT,22149.5793,17500,10,2
indel_7_n10000,indel_disruption,10000,10000,8750,CPython JIT,16832.6215,14997,10,2
indel_8_n10000,indel_disruption,10000,10000,11250,CPython JIT,21762.0077,17500,10,2
indel_9_n10000,indel_disruption,10000,10000,8750,CPython JIT,16812.0135,14997,10,2
motif_0_n10000,conserved_motif,10000,10000,10000,CPython JIT,19389.55995,5909,10,2
motif_1_n10000,conserved_motif,10000,10000,10000,CPython JIT,19592.5489,6214,10,2
motif_2_n10000,conserved_motif,10000,10000,10000,CPython JIT,19436.82685,5823,10,2
motif_3_n10000,conserved_motif,10000,10000,10000,CPython JIT,19494.5747,6750,10,2
motif_4_n10000,conserved_motif,10000,10000,10000,CPython JIT,19390.86995,4479,10,2
motif_5_n10000,conserved_motif,10000,10000,10000,CPython JIT,19458.4808,4327,10,2
motif_6_n10000,conserved_motif,10000,10000,10000,CPython JIT,19498.69145,5430,10,2
motif_7_n10000,conserved_motif,10000,10000,10000,CPython JIT,19460.6672,6662,10,2
motif_8_n10000,conserved_motif,10000,10000,10000,CPython JIT,19450.217,6233,10,2
motif_9_n10000,conserved_motif,10000,10000,10000,CPython JIT,19478.3805,4480,10,2
contained_0_n10000,contained_fragment,10000,5000,10833,CPython JIT,10416.84525,10000,10,2
contained_1_n10000,contained_fragment,10000,5000,10833,CPython JIT,10409.603,10000,10,2
contained_2_n10000,contained_fragment,10000,5000,10833,CPython JIT,10471.38395,10000,10,2
contained_3_n10000,contained_fragment,10000,5000,10833,CPython JIT,10424.0878,10000,10,2
contained_4_n10000,contained_fragment,10000,5000,10833,CPython JIT,10382.36595,10000,10,2
contained_5_n10000,contained_fragment,10000,5000,10833,CPython JIT,10403.3548,10000,10,2
contained_6_n10000,contained_fragment,10000,5000,10833,CPython JIT,10401.07185,10000,10,2
contained_7_n10000,contained_fragment,10000,5000,10833,CPython JIT,10419.5396,10000,10,2
contained_8_n10000,contained_fragment,10000,5000,10833,CPython JIT,10406.6212,10000,10,2
contained_9_n10000,contained_fragment,10000,5000,10833,CPython JIT,10404.90755,10000,10,2
random_0_n10000,random_uniform,10000,10000,10000,CPython JIT,19488.15405,4418,10,2
random_1_n10000,random_uniform,10000,10000,10000,CPython JIT,19636.23445,4557,10,2
random_2_n10000,random_uniform,10000,10000,10000,CPython JIT,19487.89725,4557,10,2
random_3_n10000,random_uniform,10000,10000,10000,CPython JIT,19574.0934,4409,10,2
random_4_n10000,random_uniform,10000,10000,10000,CPython JIT,19552.33005,4438,10,2
random_5_n10000,random_uniform,10000,10000,10000,CPython JIT,19578.2294,4480,10,2
random_6_n10000,random_uniform,10000,10000,10000,CPython JIT,19497.9731,4514,10,2
random_7_n10000,random_uniform,10000,10000,10000,CPython JIT,19485.3981,4522,10,2
random_8_n10000,random_uniform,10000,10000,10000,CPython JIT,19503.7155,4573,10,2
random_9_n10000,random_uniform,10000,10000,10000,CPython JIT,19464.83065,4419,10,2
homologous_0_n100,homologous_region,100,100,100,PyPy,0.7156,185,10,2
homologous_1_n100,homologous_region,100,100,100,PyPy,0.30075,185,10,2
homologous_2_n100,homologous_region,100,100,100,PyPy,0.3025,185,10,2
homologous_3_n100,homologous_region,100,100,100,PyPy,0.2986,186,10,2
homologous_4_n100,homologous_region,100,100,100,PyPy,0.2989,185,10,2
homologous_5_n100,homologous_region,100,100,100,PyPy,0.29065,185,10,2
homologous_6_n100,homologous_region,100,100,100,PyPy,0.29635,185,10,2
homologous_7_n100,homologous_region,100,100,100,PyPy,0.29225,185,10,2
homologous_8_n100,homologous_region,100,100,100,PyPy,0.3414,185,10,2
homologous_9_n100,homologous_region,100,100,100,PyPy,0.40985,185,10,2
indel_0_n100,indel_disruption,100,100,112,PyPy,0.3327,176,10,2
indel_1_n100,indel_disruption,100,100,88,PyPy,0.25425,149,10,2
indel_2_n100,indel_disruption,100,100,112,PyPy,0.31965,176,10,2
indel_3_n100,indel_disruption,100,100,88,PyPy,0.2878,149,10,2
indel_4_n100,indel_disruption,100,100,112,PyPy,0.32165,176,10,2
indel_5_n100,indel_disruption,100,100,88,PyPy,0.2618,149,10,2
indel_6_n100,indel_disruption,100,100,112,PyPy,0.3322,176,10,2
indel_7_n100,indel_disruption,100,100,88,PyPy,0.2766,149,10,2
indel_8_n100,indel_disruption,100,100,112,PyPy,0.32865,176,10,2
indel_9_n100,indel_disruption,100,100,88,PyPy,0.2575,149,10,2
motif_0_n100,conserved_motif,100,100,100,PyPy,0.44585,62,10,2
motif_1_n100,conserved_motif,100,100,100,PyPy,0.28515,65,10,2
motif_2_n100,conserved_motif,100,100,100,PyPy,0.26195,52,10,2
motif_3_n100,conserved_motif,100,100,100,PyPy,0.2742,56,10,2
motif_4_n100,conserved_motif,100,100,100,PyPy,0.27655,52,10,2
motif_5_n100,conserved_motif,100,100,100,PyPy,0.27435,46,10,2
motif_6_n100,conserved_motif,100,100,100,PyPy,0.25545,46,10,2
motif_7_n100,conserved_motif,100,100,100,PyPy,0.26295,50,10,2
motif_8_n100,conserved_motif,100,100,100,PyPy,0.2898,55,10,2
motif_9_n100,conserved_motif,100,100,100,PyPy,0.31765,63,10,2
contained_0_n100,contained_fragment,100,50,108,PyPy,0.15835,100,10,2
contained_1_n100,contained_fragment,100,50,108,PyPy,0.15955,100,10,2
contained_2_n100,contained_fragment,100,50,108,PyPy,0.15425,100,10,2
contained_3_n100,contained_fragment,100,50,108,PyPy,0.1515,100,10,2
contained_4_n100,contained_fragment,100,50,108,PyPy,0.1553,100,10,2
contained_5_n100,contained_fragment,100,50,108,PyPy,0.1753,100,10,2
contained_6_n100,contained_fragment,100,50,108,PyPy,0.1612,100,10,2
contained_7_n100,contained_fragment,100,50,108,PyPy,0.15855,100,10,2
contained_8_n100,contained_fragment,100,50,108,PyPy,0.1582,100,10,2
contained_9_n100,contained_fragment,100,50,108,PyPy,0.15715,100,10,2
random_0_n100,random_uniform,100,100,100,PyPy,0.2654,44,10,2
random_1_n100,random_uniform,100,100,100,PyPy,0.2776,45,10,2
random_2_n100,random_uniform,100,100,100,PyPy,0.29875,54,10,2
random_3_n100,random_uniform,100,100,100,PyPy,0.33355,49,10,2
random_4_n100,random_uniform,100,100,100,PyPy,0.28695,35,10,2
random_5_n100,random_uniform,100,100,100,PyPy,0.27995,49,10,2
random_6_n100,random_uniform,100,100,100,PyPy,0.28215,39,10,2
random_7_n100,random_uniform,100,100,100,PyPy,0.28105,50,10,2
random_8_n100,random_uniform,100,100,100,PyPy,0.28755,45,10,2
random_9_n100,random_uniform,100,100,100,PyPy,0.40645,51,10,2
homologous_0_n200,homologous_region,200,200,200,PyPy,1.2738,370,10,2
homologous_1_n200,homologous_region,200,200,200,PyPy,1.1477,373,10,2
homologous_2_n200,homologous_region,200,200,200,PyPy,1.1432,370,10,2
homologous_3_n200,homologous_region,200,200,200,PyPy,1.2879,382,10,2
homologous_4_n200,homologous_region,200,200,200,PyPy,1.16805,376,10,2
homologous_5_n200,homologous_region,200,200,200,PyPy,1.15845,370,10,2
homologous_6_n200,homologous_region,200,200,200,PyPy,1.15785,370,10,2
homologous_7_n200,homologous_region,200,200,200,PyPy,2.36255,370,10,2
homologous_8_n200,homologous_region,200,200,200,PyPy,2.39755,370,10,2
homologous_9_n200,homologous_region,200,200,200,PyPy,2.3903,375,10,2
indel_0_n200,indel_disruption,200,200,225,PyPy,1.44165,350,10,2
indel_1_n200,indel_disruption,200,200,175,PyPy,1.0719,297,10,2
indel_2_n200,indel_disruption,200,200,225,PyPy,1.4402,350,10,2
indel_3_n200,indel_disruption,200,200,175,PyPy,1.11445,297,10,2
indel_4_n200,indel_disruption,200,200,225,PyPy,1.40005,350,10,2
indel_5_n200,indel_disruption,200,200,175,PyPy,1.08295,297,10,2
indel_6_n200,indel_disruption,200,200,225,PyPy,1.41715,350,10,2
indel_7_n200,indel_disruption,200,200,175,PyPy,1.10725,297,10,2
indel_8_n200,indel_disruption,200,200,225,PyPy,1.4684,350,10,2
indel_9_n200,indel_disruption,200,200,175,PyPy,1.0561,297,10,2
motif_0_n200,conserved_motif,200,200,200,PyPy,1.182,130,10,2
motif_1_n200,conserved_motif,200,200,200,PyPy,1.1236,119,10,2
motif_2_n200,conserved_motif,200,200,200,PyPy,1.13095,90,10,2
motif_3_n200,conserved_motif,200,200,200,PyPy,1.1528,123,10,2
motif_4_n200,conserved_motif,200,200,200,PyPy,1.0961,120,10,2
motif_5_n200,conserved_motif,200,200,200,PyPy,1.1279,114,10,2
motif_6_n200,conserved_motif,200,200,200,PyPy,1.13625,121,10,2
motif_7_n200,conserved_motif,200,200,200,PyPy,1.0665,129,10,2
motif_8_n200,conserved_motif,200,200,200,PyPy,1.07655,98,10,2
motif_9_n200,conserved_motif,200,200,200,PyPy,1.10125,122,10,2
contained_0_n200,contained_fragment,200,100,216,PyPy,0.6208,200,10,2
contained_1_n200,contained_fragment,200,100,216,PyPy,0.6431,200,10,2
contained_2_n200,contained_fragment,200,100,216,PyPy,0.6404,200,10,2
contained_3_n200,contained_fragment,200,100,216,PyPy,0.62725,200,10,2
contained_4_n200,contained_fragment,200,100,216,PyPy,0.70135,200,10,2
contained_5_n200,contained_fragment,200,100,216,PyPy,0.6327,200,10,2
contained_6_n200,contained_fragment,200,100,216,PyPy,0.6466,200,10,2
contained_7_n200,contained_fragment,200,100,216,PyPy,0.6195,200,10,2
contained_8_n200,contained_fragment,200,100,216,PyPy,0.65125,200,10,2
contained_9_n200,contained_fragment,200,100,216,PyPy,0.62705,200,10,2
random_0_n200,random_uniform,200,200,200,PyPy,1.0694,84,10,2
random_1_n200,random_uniform,200,200,200,PyPy,1.0502,86,10,2
random_2_n200,random_uniform,200,200,200,PyPy,1.07005,88,10,2
random_3_n200,random_uniform,200,200,200,PyPy,1.0362,82,10,2
random_4_n200,random_uniform,200,200,200,PyPy,1.08815,95,10,2
random_5_n200,random_uniform,200,200,200,PyPy,1.06245,83,10,2
random_6_n200,random_uniform,200,200,200,PyPy,1.06755,95,10,2
random_7_n200,random_uniform,200,200,200,PyPy,1.0886,100,10,2
random_8_n200,random_uniform,200,200,200,PyPy,1.11345,99,10,2
random_9_n200,random_uniform,200,200,200,PyPy,1.13275,85,10,2
homologous_0_n500,homologous_region,500,500,500,PyPy,7.58385,934,10,2
homologous_1_n500,homologous_region,500,500,500,PyPy,7.5711,925,10,2
homologous_2_n500,homologous_region,500,500,500,PyPy,7.2803,931,10,2
homologous_3_n500,homologous_region,500,500,500,PyPy,7.46355,925,10,2
homologous_4_n500,homologous_region,500,500,500,PyPy,6.71555,925,10,2
homologous_5_n500,homologous_region,500,500,500,PyPy,6.56225,925,10,2
homologous_6_n500,homologous_region,500,500,500,PyPy,6.3635,925,10,2
homologous_7_n500,homologous_region,500,500,500,PyPy,6.26815,925,10,2
homologous_8_n500,homologous_region,500,500,500,PyPy,6.26625,925,10,2
homologous_9_n500,homologous_region,500,500,500,PyPy,6.1894,928,10,2
indel_0_n500,indel_disruption,500,500,562,PyPy,6.7203,876,10,2
indel_1_n500,indel_disruption,500,500,438,PyPy,5.1641,749,10,2
indel_2_n500,indel_disruption,500,500,562,PyPy,6.94575,876,10,2
indel_3_n500,indel_disruption,500,500,438,PyPy,5.15745,749,10,2
indel_4_n500,indel_disruption,500,500,562,PyPy,6.4158,876,10,2
indel_5_n500,indel_disruption,500,500,438,PyPy,5.01035,749,10,2
indel_6_n500,indel_disruption,500,500,562,PyPy,6.47985,876,10,2
indel_7_n500,indel_disruption,500,500,438,PyPy,5.0539,749,10,2
indel_8_n500,indel_disruption,500,500,562,PyPy,6.3444,876,10,2
indel_9_n500,indel_disruption,500,500,438,PyPy,4.8911,749,10,2
motif_0_n500,conserved_motif,500,500,500,PyPy,5.10915,262,10,2
motif_1_n500,conserved_motif,500,500,500,PyPy,5.3299,355,10,2
motif_2_n500,conserved_motif,500,500,500,PyPy,5.1661,295,10,2
motif_3_n500,conserved_motif,500,500,500,PyPy,5.4507,329,10,2
motif_4_n500,conserved_motif,500,500,500,PyPy,5.3581,289,10,2
motif_5_n500,conserved_motif,500,500,500,PyPy,5.307,271,10,2
motif_6_n500,conserved_motif,500,500,500,PyPy,5.34625,308,10,2
motif_7_n500,conserved_motif,500,500,500,PyPy,5.38105,207,10,2
motif_8_n500,conserved_motif,500,500,500,PyPy,5.2737,263,10,2
motif_9_n500,conserved_motif,500,500,500,PyPy,5.3754,288,10,2
contained_0_n500,contained_fragment,500,250,541,PyPy,3.1147,500,10,2
contained_1_n500,contained_fragment,500,250,541,PyPy,3.2041,500,10,2
contained_2_n500,contained_fragment,500,250,541,PyPy,3.11015,500,10,2
contained_3_n500,contained_fragment,500,250,541,PyPy,3.1519,500,10,2
contained_4_n500,contained_fragment,500,250,541,PyPy,3.16655,500,10,2
contained_5_n500,contained_fragment,500,250,541,PyPy,3.1085,500,10,2
contained_6_n500,contained_fragment,500,250,541,PyPy,3.09065,500,10,2
contained_7_n500,contained_fragment,500,250,541,PyPy,3.15725,500,10,2
contained_8_n500,contained_fragment,500,250,541,PyPy,3.09665,500,10,2
contained_9_n500,contained_fragment,500,250,541,PyPy,3.14145,500,10,2
random_0_n500,random_uniform,500,500,500,PyPy,5.3582,246,10,2
random_1_n500,random_uniform,500,500,500,PyPy,5.2732,200,10,2
random_2_n500,random_uniform,500,500,500,PyPy,5.3719,228,10,2
random_3_n500,random_uniform,500,500,500,PyPy,5.2521,202,10,2
random_4_n500,random_uniform,500,500,500,PyPy,5.3137,224,10,2
random_5_n500,random_uniform,500,500,500,PyPy,5.3299,234,10,2
random_6_n500,random_uniform,500,500,500,PyPy,5.3123,202,10,2
random_7_n500,random_uniform,500,500,500,PyPy,5.282,226,10,2
random_8_n500,random_uniform,500,500,500,PyPy,5.0888,220,10,2
random_9_n500,random_uniform,500,500,500,PyPy,5.2329,205,10,2
homologous_0_n800,homologous_region,800,800,800,PyPy,14.88725,1484,10,2
homologous_1_n800,homologous_region,800,800,800,PyPy,14.92635,1486,10,2
homologous_2_n800,homologous_region,800,800,800,PyPy,14.3263,1492,10,2
homologous_3_n800,homologous_region,800,800,800,PyPy,14.1978,1481,10,2
homologous_4_n800,homologous_region,800,800,800,PyPy,13.82205,1483,10,2
homologous_5_n800,homologous_region,800,800,800,PyPy,13.8787,1486,10,2
homologous_6_n800,homologous_region,800,800,800,PyPy,13.94775,1486,10,2
homologous_7_n800,homologous_region,800,800,800,PyPy,14.0075,1483,10,2
homologous_8_n800,homologous_region,800,800,800,PyPy,13.90215,1480,10,2
homologous_9_n800,homologous_region,800,800,800,PyPy,13.93925,1487,10,2
indel_0_n800,indel_disruption,800,800,900,PyPy,15.4332,1400,10,2
indel_1_n800,indel_disruption,800,800,700,PyPy,11.9481,1197,10,2
indel_2_n800,indel_disruption,800,800,900,PyPy,15.4535,1400,10,2
indel_3_n800,indel_disruption,800,800,700,PyPy,11.9697,1200,10,2
indel_4_n800,indel_disruption,800,800,900,PyPy,15.3148,1400,10,2
indel_5_n800,indel_disruption,800,800,700,PyPy,12.0055,1197,10,2
indel_6_n800,indel_disruption,800,800,900,PyPy,15.3905,1400,10,2
indel_7_n800,indel_disruption,800,800,700,PyPy,11.9253,1197,10,2
indel_8_n800,indel_disruption,800,800,900,PyPy,15.41145,1400,10,2
indel_9_n800,indel_disruption,800,800,700,PyPy,11.9469,1197,10,2
motif_0_n800,conserved_motif,800,800,800,PyPy,12.46355,376,10,2
motif_1_n800,conserved_motif,800,800,800,PyPy,12.3957,365,10,2
motif_2_n800,conserved_motif,800,800,800,PyPy,12.51715,556,10,2
motif_3_n800,conserved_motif,800,800,800,PyPy,12.65105,504,10,2
motif_4_n800,conserved_motif,800,800,800,PyPy,12.6289,544,10,2
motif_5_n800,conserved_motif,800,800,800,PyPy,12.4235,516,10,2
motif_6_n800,conserved_motif,800,800,800,PyPy,12.4603,476,10,2
motif_7_n800,conserved_motif,800,800,800,PyPy,12.73435,537,10,2
motif_8_n800,conserved_motif,800,800,800,PyPy,12.6574,512,10,2
motif_9_n800,conserved_motif,800,800,800,PyPy,12.4923,398,10,2
contained_0_n800,contained_fragment,800,400,866,PyPy,7.3056,800,10,2
contained_1_n800,contained_fragment,800,400,866,PyPy,7.65975,800,10,2
contained_2_n800,contained_fragment,800,400,866,PyPy,7.56815,800,10,2
contained_3_n800,contained_fragment,800,400,866,PyPy,7.6812,800,10,2
contained_4_n800,contained_fragment,800,400,866,PyPy,7.6484,800,10,2
contained_5_n800,contained_fragment,800,400,866,PyPy,7.58315,800,10,2
contained_6_n800,contained_fragment,800,400,866,PyPy,7.83195,800,10,2
contained_7_n800,contained_fragment,800,400,866,PyPy,7.7582,800,10,2
contained_8_n800,contained_fragment,800,400,866,PyPy,7.52815,800,10,2
contained_9_n800,contained_fragment,800,400,866,PyPy,7.68835,800,10,2
random_0_n800,random_uniform,800,800,800,PyPy,13.02305,343,10,2
random_1_n800,random_uniform,800,800,800,PyPy,12.7775,343,10,2
random_2_n800,random_uniform,800,800,800,PyPy,13.23015,381,10,2
random_3_n800,random_uniform,800,800,800,PyPy,13.06335,366,10,2
random_4_n800,random_uniform,800,800,800,PyPy,12.56615,359,10,2
random_5_n800,random_uniform,800,800,800,PyPy,12.65555,348,10,2
random_6_n800,random_uniform,800,800,800,PyPy,12.6173,349,10,2
random_7_n800,random_uniform,800,800,800,PyPy,12.7052,352,10,2
random_8_n800,random_uniform,800,800,800,PyPy,12.4867,335,10,2
random_9_n800,random_uniform,800,800,800,PyPy,12.5414,377,10,2
homologous_0_n1000,homologous_region,1000,1000,1000,PyPy,21.60455,1865,10,2
homologous_1_n1000,homologous_region,1000,1000,1000,PyPy,21.78235,1853,10,2
homologous_2_n1000,homologous_region,1000,1000,1000,PyPy,21.5948,1850,10,2
homologous_3_n1000,homologous_region,1000,1000,1000,PyPy,21.5427,1853,10,2
homologous_4_n1000,homologous_region,1000,1000,1000,PyPy,21.2464,1850,10,2
homologous_5_n1000,homologous_region,1000,1000,1000,PyPy,20.85565,1862,10,2
homologous_6_n1000,homologous_region,1000,1000,1000,PyPy,21.22105,1850,10,2
homologous_7_n1000,homologous_region,1000,1000,1000,PyPy,21.2984,1856,10,2
homologous_8_n1000,homologous_region,1000,1000,1000,PyPy,21.4984,1850,10,2
homologous_9_n1000,homologous_region,1000,1000,1000,PyPy,21.585,1850,10,2
indel_0_n1000,indel_disruption,1000,1000,1125,PyPy,23.9906,1750,10,2
indel_1_n1000,indel_disruption,1000,1000,875,PyPy,17.95835,1497,10,2
indel_2_n1000,indel_disruption,1000,1000,1125,PyPy,24.123,1750,10,2
indel_3_n1000,indel_disruption,1000,1000,875,PyPy,18.36245,1497,10,2
indel_4_n1000,indel_disruption,1000,1000,1125,PyPy,24.1966,1750,10,2
indel_5_n1000,indel_disruption,1000,1000,875,PyPy,18.43465,1497,10,2
indel_6_n1000,indel_disruption,1000,1000,1125,PyPy,24.21765,1750,10,2
indel_7_n1000,indel_disruption,1000,1000,875,PyPy,18.19595,1497,10,2
indel_8_n1000,indel_disruption,1000,1000,1125,PyPy,23.27535,1750,10,2
indel_9_n1000,indel_disruption,1000,1000,875,PyPy,18.6288,1500,10,2
motif_0_n1000,conserved_motif,1000,1000,1000,PyPy,18.80045,592,10,2
motif_1_n1000,conserved_motif,1000,1000,1000,PyPy,19.2144,466,10,2
motif_2_n1000,conserved_motif,1000,1000,1000,PyPy,18.7299,516,10,2
motif_3_n1000,conserved_motif,1000,1000,1000,PyPy,19.4399,577,10,2
motif_4_n1000,conserved_motif,1000,1000,1000,PyPy,18.70925,558,10,2
motif_5_n1000,conserved_motif,1000,1000,1000,PyPy,18.9588,616,10,2
motif_6_n1000,conserved_motif,1000,1000,1000,PyPy,19.3655,656,10,2
motif_7_n1000,conserved_motif,1000,1000,1000,PyPy,18.89875,496,10,2
motif_8_n1000,conserved_motif,1000,1000,1000,PyPy,18.7282,608,10,2
motif_9_n1000,conserved_motif,1000,1000,1000,PyPy,18.6187,554,10,2
contained_0_n1000,contained_fragment,1000,500,1083,PyPy,11.3982,1000,10,2
contained_1_n1000,contained_fragment,1000,500,1083,PyPy,11.5103,1000,10,2
contained_2_n1000,contained_fragment,1000,500,1083,PyPy,11.3699,1000,10,2
contained_3_n1000,contained_fragment,1000,500,1083,PyPy,11.61785,1000,10,2
contained_4_n1000,contained_fragment,1000,500,1083,PyPy,11.873,1000,10,2
contained_5_n1000,contained_fragment,1000,500,1083,PyPy,11.81895,1000,10,2
contained_6_n1000,contained_fragment,1000,500,1083,PyPy,11.36865,1000,10,2
contained_7_n1000,contained_fragment,1000,500,1083,PyPy,11.41685,1000,10,2
contained_8_n1000,contained_fragment,1000,500,1083,PyPy,11.56255,1000,10,2
contained_9_n1000,contained_fragment,1000,500,1083,PyPy,11.4678,1000,10,2
random_0_n1000,random_uniform,1000,1000,1000,PyPy,19.70655,444,10,2
random_1_n1000,random_uniform,1000,1000,1000,PyPy,19.3961,428,10,2
random_2_n1000,random_uniform,1000,1000,1000,PyPy,19.4899,436,10,2
random_3_n1000,random_uniform,1000,1000,1000,PyPy,19.55555,434,10,2
random_4_n1000,random_uniform,1000,1000,1000,PyPy,19.22035,431,10,2
random_5_n1000,random_uniform,1000,1000,1000,PyPy,19.7886,455,10,2
random_6_n1000,random_uniform,1000,1000,1000,PyPy,20.38975,451,10,2
random_7_n1000,random_uniform,1000,1000,1000,PyPy,20.39655,427,10,2
random_8_n1000,random_uniform,1000,1000,1000,PyPy,20.23655,456,10,2
random_9_n1000,random_uniform,1000,1000,1000,PyPy,19.86505,449,10,2
homologous_0_n2000,homologous_region,2000,2000,2000,PyPy,93.5826,3715,10,2
homologous_1_n2000,homologous_region,2000,2000,2000,PyPy,87.21035,3730,10,2
homologous_2_n2000,homologous_region,2000,2000,2000,PyPy,84.8398,3706,10,2
homologous_3_n2000,homologous_region,2000,2000,2000,PyPy,83.7272,3710,10,2
homologous_4_n2000,homologous_region,2000,2000,2000,PyPy,84.35895,3709,10,2
homologous_5_n2000,homologous_region,2000,2000,2000,PyPy,84.90555,3709,10,2
homologous_6_n2000,homologous_region,2000,2000,2000,PyPy,84.0434,3709,10,2
homologous_7_n2000,homologous_region,2000,2000,2000,PyPy,85.06115,3704,10,2
homologous_8_n2000,homologous_region,2000,2000,2000,PyPy,84.3042,3715,10,2
homologous_9_n2000,homologous_region,2000,2000,2000,PyPy,83.4127,3712,10,2
indel_0_n2000,indel_disruption,2000,2000,2250,PyPy,93.97885,3500,10,2
indel_1_n2000,indel_disruption,2000,2000,1750,PyPy,72.33965,2997,10,2
indel_2_n2000,indel_disruption,2000,2000,2250,PyPy,95.3755,3500,10,2
indel_3_n2000,indel_disruption,2000,2000,1750,PyPy,73.986,2997,10,2
indel_4_n2000,indel_disruption,2000,2000,2250,PyPy,94.01035,3500,10,2
indel_5_n2000,indel_disruption,2000,2000,1750,PyPy,72.1725,2997,10,2
indel_6_n2000,indel_disruption,2000,2000,2250,PyPy,97.99585,3500,10,2
indel_7_n2000,indel_disruption,2000,2000,1750,PyPy,75.4745,2997,10,2
indel_8_n2000,indel_disruption,2000,2000,2250,PyPy,93.8871,3500,10,2
indel_9_n2000,indel_disruption,2000,2000,1750,PyPy,72.0723,3000,10,2
motif_0_n2000,conserved_motif,2000,2000,2000,PyPy,75.7339,1240,10,2
motif_1_n2000,conserved_motif,2000,2000,2000,PyPy,75.7403,1200,10,2
motif_2_n2000,conserved_motif,2000,2000,2000,PyPy,77.1925,1325,10,2
motif_3_n2000,conserved_motif,2000,2000,2000,PyPy,99.55115,1231,10,2
motif_4_n2000,conserved_motif,2000,2000,2000,PyPy,86.73195,897,10,2
motif_5_n2000,conserved_motif,2000,2000,2000,PyPy,80.43625,1390,10,2
motif_6_n2000,conserved_motif,2000,2000,2000,PyPy,76.4355,865,10,2
motif_7_n2000,conserved_motif,2000,2000,2000,PyPy,75.55645,1376,10,2
motif_8_n2000,conserved_motif,2000,2000,2000,PyPy,74.66065,1309,10,2
motif_9_n2000,conserved_motif,2000,2000,2000,PyPy,74.60435,1358,10,2
contained_0_n2000,contained_fragment,2000,1000,2166,PyPy,43.9014,2000,10,2
contained_1_n2000,contained_fragment,2000,1000,2166,PyPy,45.77835,2000,10,2
contained_2_n2000,contained_fragment,2000,1000,2166,PyPy,48.45985,2000,10,2
contained_3_n2000,contained_fragment,2000,1000,2166,PyPy,54.8126,2000,10,2
contained_4_n2000,contained_fragment,2000,1000,2166,PyPy,48.4646,2000,10,2
contained_5_n2000,contained_fragment,2000,1000,2166,PyPy,45.29235,2000,10,2
contained_6_n2000,contained_fragment,2000,1000,2166,PyPy,44.13165,2000,10,2
contained_7_n2000,contained_fragment,2000,1000,2166,PyPy,44.472,2000,10,2
contained_8_n2000,contained_fragment,2000,1000,2166,PyPy,44.3474,2000,10,2
contained_9_n2000,contained_fragment,2000,1000,2166,PyPy,45.2349,2000,10,2
random_0_n2000,random_uniform,2000,2000,2000,PyPy,76.326,918,10,2
random_1_n2000,random_uniform,2000,2000,2000,PyPy,76.1199,900,10,2
random_2_n2000,random_uniform,2000,2000,2000,PyPy,80.5849,882,10,2
random_3_n2000,random_uniform,2000,2000,2000,PyPy,78.52895,942,10,2
random_4_n2000,random_uniform,2000,2000,2000,PyPy,76.1067,882,10,2
random_5_n2000,random_uniform,2000,2000,2000,PyPy,76.81235,871,10,2
random_6_n2000,random_uniform,2000,2000,2000,PyPy,75.85695,872,10,2
random_7_n2000,random_uniform,2000,2000,2000,PyPy,75.65055,889,10,2
random_8_n2000,random_uniform,2000,2000,2000,PyPy,75.6333,893,10,2
random_9_n2000,random_uniform,2000,2000,2000,PyPy,77.07535,869,10,2
homologous_0_n5000,homologous_region,5000,5000,5000,PyPy,552.31585,9268,10,2
homologous_1_n5000,homologous_region,5000,5000,5000,PyPy,555.75735,9280,10,2
homologous_2_n5000,homologous_region,5000,5000,5000,PyPy,552.6503,9271,10,2
homologous_3_n5000,homologous_region,5000,5000,5000,PyPy,546.3752,9307,10,2
homologous_4_n5000,homologous_region,5000,5000,5000,PyPy,543.7929,9277,10,2
homologous_5_n5000,homologous_region,5000,5000,5000,PyPy,541.5462,9277,10,2
homologous_6_n5000,homologous_region,5000,5000,5000,PyPy,550.47655,9274,10,2
homologous_7_n5000,homologous_region,5000,5000,5000,PyPy,544.96635,9268,10,2
homologous_8_n5000,homologous_region,5000,5000,5000,PyPy,540.05575,9266,10,2
homologous_9_n5000,homologous_region,5000,5000,5000,PyPy,543.0711,9268,10,2
indel_0_n5000,indel_disruption,5000,5000,5625,PyPy,613.73,8750,10,2
indel_1_n5000,indel_disruption,5000,5000,4375,PyPy,462.83165,7497,10,2
indel_2_n5000,indel_disruption,5000,5000,5625,PyPy,610.0751,8750,10,2
indel_3_n5000,indel_disruption,5000,5000,4375,PyPy,483.76595,7500,10,2
indel_4_n5000,indel_disruption,5000,5000,5625,PyPy,607.76165,8750,10,2
indel_5_n5000,indel_disruption,5000,5000,4375,PyPy,462.1975,7497,10,2
indel_6_n5000,indel_disruption,5000,5000,5625,PyPy,609.4541,8750,10,2
indel_7_n5000,indel_disruption,5000,5000,4375,PyPy,458.2497,7497,10,2
indel_8_n5000,indel_disruption,5000,5000,5625,PyPy,603.87275,8750,10,2
indel_9_n5000,indel_disruption,5000,5000,4375,PyPy,462.86745,7497,10,2
motif_0_n5000,conserved_motif,5000,5000,5000,PyPy,480.9931,2492,10,2
motif_1_n5000,conserved_motif,5000,5000,5000,PyPy,475.63565,3199,10,2
motif_2_n5000,conserved_motif,5000,5000,5000,PyPy,482.5758,3386,10,2
motif_3_n5000,conserved_motif,5000,5000,5000,PyPy,478.26925,2085,10,2
motif_4_n5000,conserved_motif,5000,5000,5000,PyPy,482.1236,3438,10,2
motif_5_n5000,conserved_motif,5000,5000,5000,PyPy,475.66605,2194,10,2
motif_6_n5000,conserved_motif,5000,5000,5000,PyPy,475.1617,2127,10,2
motif_7_n5000,conserved_motif,5000,5000,5000,PyPy,479.29055,2633,10,2
motif_8_n5000,conserved_motif,5000,5000,5000,PyPy,477.579,3340,10,2
motif_9_n5000,conserved_motif,5000,5000,5000,PyPy,480.8431,2758,10,2
contained_0_n5000,contained_fragment,5000,2500,5416,PyPy,283.04945,5000,10,2
contained_1_n5000,contained_fragment,5000,2500,5416,PyPy,288.72935,5000,10,2
contained_2_n5000,contained_fragment,5000,2500,5416,PyPy,281.4768,5000,10,2
contained_3_n5000,contained_fragment,5000,2500,5416,PyPy,281.02035,5000,10,2
contained_4_n5000,contained_fragment,5000,2500,5416,PyPy,286.3147,5000,10,2
contained_5_n5000,contained_fragment,5000,2500,5416,PyPy,294.37135,5000,10,2
contained_6_n5000,contained_fragment,5000,2500,5416,PyPy,288.9442,5000,10,2
contained_7_n5000,contained_fragment,5000,2500,5416,PyPy,284.07355,5000,10,2
contained_8_n5000,contained_fragment,5000,2500,5416,PyPy,285.0108,5000,10,2
contained_9_n5000,contained_fragment,5000,2500,5416,PyPy,283.61665,5000,10,2
random_0_n5000,random_uniform,5000,5000,5000,PyPy,490.38265,2221,10,2
random_1_n5000,random_uniform,5000,5000,5000,PyPy,501.47715,2246,10,2
random_2_n5000,random_uniform,5000,5000,5000,PyPy,485.78965,2310,10,2
random_3_n5000,random_uniform,5000,5000,5000,PyPy,485.32095,2249,10,2
random_4_n5000,random_uniform,5000,5000,5000,PyPy,487.52315,2208,10,2
random_5_n5000,random_uniform,5000,5000,5000,PyPy,482.0031,2232,10,2
random_6_n5000,random_uniform,5000,5000,5000,PyPy,482.9578,2217,10,2
random_7_n5000,random_uniform,5000,5000,5000,PyPy,490.24095,2220,10,2
random_8_n5000,random_uniform,5000,5000,5000,PyPy,486.12125,2199,10,2
random_9_n5000,random_uniform,5000,5000,5000,PyPy,487.7612,2216,10,2
homologous_0_n8000,homologous_region,8000,8000,8000,PyPy,1413.60855,14836,10,2
homologous_1_n8000,homologous_region,8000,8000,8000,PyPy,1422.47245,14830,10,2
homologous_2_n8000,homologous_region,8000,8000,8000,PyPy,1408.43625,14839,10,2
homologous_3_n8000,homologous_region,8000,8000,8000,PyPy,1426.82295,14837,10,2
homologous_4_n8000,homologous_region,8000,8000,8000,PyPy,1415.6176,14863,10,2
homologous_5_n8000,homologous_region,8000,8000,8000,PyPy,1411.5368,14848,10,2
homologous_6_n8000,homologous_region,8000,8000,8000,PyPy,1417.0875,14863,10,2
homologous_7_n8000,homologous_region,8000,8000,8000,PyPy,1403.17485,14869,10,2
homologous_8_n8000,homologous_region,8000,8000,8000,PyPy,1415.76335,14863,10,2
homologous_9_n8000,homologous_region,8000,8000,8000,PyPy,1414.69635,14854,10,2
indel_0_n8000,indel_disruption,8000,8000,9000,PyPy,1583.9243,14000,10,2
indel_1_n8000,indel_disruption,8000,8000,7000,PyPy,1214.2913,11997,10,2
indel_2_n8000,indel_disruption,8000,8000,9000,PyPy,1589.59455,14000,10,2
indel_3_n8000,indel_disruption,8000,8000,7000,PyPy,1214.00795,11997,10,2
indel_4_n8000,indel_disruption,8000,8000,9000,PyPy,1591.31815,14000,10,2
indel_5_n8000,indel_disruption,8000,8000,7000,PyPy,1262.11765,11997,10,2
indel_6_n8000,indel_disruption,8000,8000,9000,PyPy,1592.5134,14000,10,2
indel_7_n8000,indel_disruption,8000,8000,7000,PyPy,1214.6875,11997,10,2
indel_8_n8000,indel_disruption,8000,8000,9000,PyPy,1609.84585,14000,10,2
indel_9_n8000,indel_disruption,8000,8000,7000,PyPy,1214.9047,11997,10,2
motif_0_n8000,conserved_motif,8000,8000,8000,PyPy,1270.1665,5577,10,2
motif_1_n8000,conserved_motif,8000,8000,8000,PyPy,1261.399,4461,10,2
motif_2_n8000,conserved_motif,8000,8000,8000,PyPy,1253.0801,4127,10,2
motif_3_n8000,conserved_motif,8000,8000,8000,PyPy,1298.7131,3912,10,2
motif_4_n8000,conserved_motif,8000,8000,8000,PyPy,1265.9982,5240,10,2
motif_5_n8000,conserved_motif,8000,8000,8000,PyPy,1254.2082,4140,10,2
motif_6_n8000,conserved_motif,8000,8000,8000,PyPy,1265.31115,5654,10,2
motif_7_n8000,conserved_motif,8000,8000,8000,PyPy,1240.8609,4919,10,2
motif_8_n8000,conserved_motif,8000,8000,8000,PyPy,1249.4019,4108,10,2
motif_9_n8000,conserved_motif,8000,8000,8000,PyPy,1256.98345,4124,10,2
contained_0_n8000,contained_fragment,8000,4000,8666,PyPy,750.20465,8000,10,2
contained_1_n8000,contained_fragment,8000,4000,8666,PyPy,745.8762,8000,10,2
contained_2_n8000,contained_fragment,8000,4000,8666,PyPy,740.21605,8000,10,2
contained_3_n8000,contained_fragment,8000,4000,8666,PyPy,748.6352,8000,10,2
contained_4_n8000,contained_fragment,8000,4000,8666,PyPy,746.88695,8000,10,2
contained_5_n8000,contained_fragment,8000,4000,8666,PyPy,748.6833,8000,10,2
contained_6_n8000,contained_fragment,8000,4000,8666,PyPy,748.5863,8000,10,2
contained_7_n8000,contained_fragment,8000,4000,8666,PyPy,752.54,8000,10,2
contained_8_n8000,contained_fragment,8000,4000,8666,PyPy,745.4268,8000,10,2
contained_9_n8000,contained_fragment,8000,4000,8666,PyPy,750.62225,8000,10,2
random_0_n8000,random_uniform,8000,8000,8000,PyPy,1272.2003,3591,10,2
random_1_n8000,random_uniform,8000,8000,8000,PyPy,1278.1551,3619,10,2
random_2_n8000,random_uniform,8000,8000,8000,PyPy,1269.8924,3569,10,2
random_3_n8000,random_uniform,8000,8000,8000,PyPy,1265.6521,3514,10,2
random_4_n8000,random_uniform,8000,8000,8000,PyPy,1273.24795,3570,10,2
random_5_n8000,random_uniform,8000,8000,8000,PyPy,1267.30045,3612,10,2
random_6_n8000,random_uniform,8000,8000,8000,PyPy,1272.8154,3561,10,2
random_7_n8000,random_uniform,8000,8000,8000,PyPy,1276.61765,3557,10,2
random_8_n8000,random_uniform,8000,8000,8000,PyPy,1278.36025,3605,10,2
random_9_n8000,random_uniform,8000,8000,8000,PyPy,1269.3986,3606,10,2
homologous_0_n10000,homologous_region,10000,10000,10000,PyPy,2258.14355,18533,10,2
homologous_1_n10000,homologous_region,10000,10000,10000,PyPy,2254.18025,18557,10,2
homologous_2_n10000,homologous_region,10000,10000,10000,PyPy,2242.9207,18566,10,2
homologous_3_n10000,homologous_region,10000,10000,10000,PyPy,2271.2275,18533,10,2
homologous_4_n10000,homologous_region,10000,10000,10000,PyPy,2255.5757,18593,10,2
homologous_5_n10000,homologous_region,10000,10000,10000,PyPy,2245.5176,18557,10,2
homologous_6_n10000,homologous_region,10000,10000,10000,PyPy,2246.8393,18575,10,2
homologous_7_n10000,homologous_region,10000,10000,10000,PyPy,2235.45805,18533,10,2
homologous_8_n10000,homologous_region,10000,10000,10000,PyPy,2256.89625,18560,10,2
homologous_9_n10000,homologous_region,10000,10000,10000,PyPy,2237.7757,18542,10,2
indel_0_n10000,indel_disruption,10000,10000,11250,PyPy,2518.81385,17500,10,2
indel_1_n10000,indel_disruption,10000,10000,8750,PyPy,1922.69645,14997,10,2
indel_2_n10000,indel_disruption,10000,10000,11250,PyPy,2500.81805,17500,10,2
indel_3_n10000,indel_disruption,10000,10000,8750,PyPy,1921.4722,14997,10,2
indel_4_n10000,indel_disruption,10000,10000,11250,PyPy,2535.86245,17500,10,2
indel_5_n10000,indel_disruption,10000,10000,8750,PyPy,1924.5563,14997,10,2
indel_6_n10000,indel_disruption,10000,10000,11250,PyPy,2515.99695,17500,10,2
indel_7_n10000,indel_disruption,10000,10000,8750,PyPy,1917.8772,14997,10,2
indel_8_n10000,indel_disruption,10000,10000,11250,PyPy,2513.64705,17500,10,2
indel_9_n10000,indel_disruption,10000,10000,8750,PyPy,1912.02515,14997,10,2
motif_0_n10000,conserved_motif,10000,10000,10000,PyPy,1988.99585,5909,10,2
motif_1_n10000,conserved_motif,10000,10000,10000,PyPy,1982.6632,6214,10,2
motif_2_n10000,conserved_motif,10000,10000,10000,PyPy,1992.92295,5823,10,2
motif_3_n10000,conserved_motif,10000,10000,10000,PyPy,2017.4099,6750,10,2
motif_4_n10000,conserved_motif,10000,10000,10000,PyPy,1977.30935,4479,10,2
motif_5_n10000,conserved_motif,10000,10000,10000,PyPy,1969.3706,4327,10,2
motif_6_n10000,conserved_motif,10000,10000,10000,PyPy,1975.9545,5430,10,2
motif_7_n10000,conserved_motif,10000,10000,10000,PyPy,1980.2952,6662,10,2
motif_8_n10000,conserved_motif,10000,10000,10000,PyPy,1984.73885,6233,10,2
motif_9_n10000,conserved_motif,10000,10000,10000,PyPy,1979.39325,4480,10,2
contained_0_n10000,contained_fragment,10000,5000,10833,PyPy,1181.5785,10000,10,2
contained_1_n10000,contained_fragment,10000,5000,10833,PyPy,1178.64195,10000,10,2
contained_2_n10000,contained_fragment,10000,5000,10833,PyPy,1199.73055,10000,10,2
contained_3_n10000,contained_fragment,10000,5000,10833,PyPy,1185.3268,10000,10,2
contained_4_n10000,contained_fragment,10000,5000,10833,PyPy,1188.24935,10000,10,2
contained_5_n10000,contained_fragment,10000,5000,10833,PyPy,1179.261,10000,10,2
contained_6_n10000,contained_fragment,10000,5000,10833,PyPy,1186.102,10000,10,2
contained_7_n10000,contained_fragment,10000,5000,10833,PyPy,1184.27745,10000,10,2
contained_8_n10000,contained_fragment,10000,5000,10833,PyPy,1182.54905,10000,10,2
contained_9_n10000,contained_fragment,10000,5000,10833,PyPy,1175.78555,10000,10,2
random_0_n10000,random_uniform,10000,10000,10000,PyPy,2001.51625,4418,10,2
random_1_n10000,random_uniform,10000,10000,10000,PyPy,2005.9359,4557,10,2
random_2_n10000,random_uniform,10000,10000,10000,PyPy,2007.34485,4557,10,2
random_3_n10000,random_uniform,10000,10000,10000,PyPy,2001.7619,4409,10,2
random_4_n10000,random_uniform,10000,10000,10000,PyPy,2011.6443,4438,10,2
random_5_n10000,random_uniform,10000,10000,10000,PyPy,2008.88775,4480,10,2
random_6_n10000,random_uniform,10000,10000,10000,PyPy,2012.72215,4514,10,2
random_7_n10000,random_uniform,10000,10000,10000,PyPy,2003.24485,4522,10,2
random_8_n10000,random_uniform,10000,10000,10000,PyPy,2020.15425,4573,10,2
random_9_n10000,random_uniform,10000,10000,10000,PyPy,2005.1108,4419,10,2
homologous_0_n100,homologous_region,100,100,100,Cython,0.62685,185,10,2
homologous_1_n100,homologous_region,100,100,100,Cython,0.62895,185,10,2
homologous_2_n100,homologous_region,100,100,100,Cython,0.6311,185,10,2
homologous_3_n100,homologous_region,100,100,100,Cython,0.63225,186,10,2
homologous_4_n100,homologous_region,100,100,100,Cython,0.63905,185,10,2
homologous_5_n100,homologous_region,100,100,100,Cython,1.30115,185,10,2
homologous_6_n100,homologous_region,100,100,100,Cython,1.205,185,10,2
homologous_7_n100,homologous_region,100,100,100,Cython,0.7376,185,10,2
homologous_8_n100,homologous_region,100,100,100,Cython,0.7459,185,10,2
homologous_9_n100,homologous_region,100,100,100,Cython,1.43325,185,10,2
indel_0_n100,indel_disruption,100,100,112,Cython,0.86625,176,10,2
indel_1_n100,indel_disruption,100,100,88,Cython,0.6641,149,10,2
indel_2_n100,indel_disruption,100,100,112,Cython,0.844,176,10,2
indel_3_n100,indel_disruption,100,100,88,Cython,0.6622,149,10,2
indel_4_n100,indel_disruption,100,100,112,Cython,0.8318,176,10,2
indel_5_n100,indel_disruption,100,100,88,Cython,0.6688,149,10,2
indel_6_n100,indel_disruption,100,100,112,Cython,0.87415,176,10,2
indel_7_n100,indel_disruption,100,100,88,Cython,0.6947,149,10,2
indel_8_n100,indel_disruption,100,100,112,Cython,0.8658,176,10,2
indel_9_n100,indel_disruption,100,100,88,Cython,0.69425,149,10,2
motif_0_n100,conserved_motif,100,100,100,Cython,0.77795,62,10,2
motif_1_n100,conserved_motif,100,100,100,Cython,0.77345,65,10,2
motif_2_n100,conserved_motif,100,100,100,Cython,0.7859,52,10,2
motif_3_n100,conserved_motif,100,100,100,Cython,0.77645,56,10,2
motif_4_n100,conserved_motif,100,100,100,Cython,0.7503,52,10,2
motif_5_n100,conserved_motif,100,100,100,Cython,0.79945,46,10,2
motif_6_n100,conserved_motif,100,100,100,Cython,0.74775,46,10,2
motif_7_n100,conserved_motif,100,100,100,Cython,0.8981,50,10,2
motif_8_n100,conserved_motif,100,100,100,Cython,0.7371,55,10,2
motif_9_n100,conserved_motif,100,100,100,Cython,0.751,63,10,2
contained_0_n100,contained_fragment,100,50,108,Cython,0.40045,100,10,2
contained_1_n100,contained_fragment,100,50,108,Cython,0.43395,100,10,2
contained_2_n100,contained_fragment,100,50,108,Cython,0.40825,100,10,2
contained_3_n100,contained_fragment,100,50,108,Cython,0.4066,100,10,2
contained_4_n100,contained_fragment,100,50,108,Cython,0.41325,100,10,2
contained_5_n100,contained_fragment,100,50,108,Cython,0.4139,100,10,2
contained_6_n100,contained_fragment,100,50,108,Cython,0.41325,100,10,2
contained_7_n100,contained_fragment,100,50,108,Cython,0.43735,100,10,2
contained_8_n100,contained_fragment,100,50,108,Cython,0.42075,100,10,2
contained_9_n100,contained_fragment,100,50,108,Cython,0.42185,100,10,2
random_0_n100,random_uniform,100,100,100,Cython,0.80285,44,10,2
random_1_n100,random_uniform,100,100,100,Cython,0.77745,45,10,2
random_2_n100,random_uniform,100,100,100,Cython,0.77685,54,10,2
random_3_n100,random_uniform,100,100,100,Cython,0.782,49,10,2
random_4_n100,random_uniform,100,100,100,Cython,0.77635,35,10,2
random_5_n100,random_uniform,100,100,100,Cython,0.80565,49,10,2
random_6_n100,random_uniform,100,100,100,Cython,0.78185,39,10,2
random_7_n100,random_uniform,100,100,100,Cython,0.7763,50,10,2
random_8_n100,random_uniform,100,100,100,Cython,0.7948,45,10,2
random_9_n100,random_uniform,100,100,100,Cython,0.7767,51,10,2
homologous_0_n200,homologous_region,200,200,200,Cython,3.103,370,10,2
homologous_1_n200,homologous_region,200,200,200,Cython,3.01695,373,10,2
homologous_2_n200,homologous_region,200,200,200,Cython,2.9958,370,10,2
homologous_3_n200,homologous_region,200,200,200,Cython,3.00505,382,10,2
homologous_4_n200,homologous_region,200,200,200,Cython,2.98215,376,10,2
homologous_5_n200,homologous_region,200,200,200,Cython,3.00695,370,10,2
homologous_6_n200,homologous_region,200,200,200,Cython,2.87105,370,10,2
homologous_7_n200,homologous_region,200,200,200,Cython,2.8786,370,10,2
homologous_8_n200,homologous_region,200,200,200,Cython,2.9182,370,10,2
homologous_9_n200,homologous_region,200,200,200,Cython,2.87855,375,10,2
indel_0_n200,indel_disruption,200,200,225,Cython,3.20525,350,10,2
indel_1_n200,indel_disruption,200,200,175,Cython,2.40335,297,10,2
indel_2_n200,indel_disruption,200,200,225,Cython,3.1223,350,10,2
indel_3_n200,indel_disruption,200,200,175,Cython,2.40985,297,10,2
indel_4_n200,indel_disruption,200,200,225,Cython,3.05745,350,10,2
indel_5_n200,indel_disruption,200,200,175,Cython,2.393,297,10,2
indel_6_n200,indel_disruption,200,200,225,Cython,3.0576,350,10,2
indel_7_n200,indel_disruption,200,200,175,Cython,2.3835,297,10,2
indel_8_n200,indel_disruption,200,200,225,Cython,3.0707,350,10,2
indel_9_n200,indel_disruption,200,200,175,Cython,2.40915,297,10,2
motif_0_n200,conserved_motif,200,200,200,Cython,2.72665,130,10,2
motif_1_n200,conserved_motif,200,200,200,Cython,2.70835,119,10,2
motif_2_n200,conserved_motif,200,200,200,Cython,2.7222,90,10,2
motif_3_n200,conserved_motif,200,200,200,Cython,2.72985,123,10,2
motif_4_n200,conserved_motif,200,200,200,Cython,2.7053,120,10,2
motif_5_n200,conserved_motif,200,200,200,Cython,2.7185,114,10,2
motif_6_n200,conserved_motif,200,200,200,Cython,2.7131,121,10,2
motif_7_n200,conserved_motif,200,200,200,Cython,2.61555,129,10,2
motif_8_n200,conserved_motif,200,200,200,Cython,2.64485,98,10,2
motif_9_n200,conserved_motif,200,200,200,Cython,2.63035,122,10,2
contained_0_n200,contained_fragment,200,100,216,Cython,1.43795,200,10,2
contained_1_n200,contained_fragment,200,100,216,Cython,1.43785,200,10,2
contained_2_n200,contained_fragment,200,100,216,Cython,1.4911,200,10,2
contained_3_n200,contained_fragment,200,100,216,Cython,1.4685,200,10,2
contained_4_n200,contained_fragment,200,100,216,Cython,1.46595,200,10,2
contained_5_n200,contained_fragment,200,100,216,Cython,1.4663,200,10,2
contained_6_n200,contained_fragment,200,100,216,Cython,1.46075,200,10,2
contained_7_n200,contained_fragment,200,100,216,Cython,1.4777,200,10,2
contained_8_n200,contained_fragment,200,100,216,Cython,1.5181,200,10,2
contained_9_n200,contained_fragment,200,100,216,Cython,1.4579,200,10,2
random_0_n200,random_uniform,200,200,200,Cython,2.7117,84,10,2
random_1_n200,random_uniform,200,200,200,Cython,2.7192,86,10,2
random_2_n200,random_uniform,200,200,200,Cython,2.7102,88,10,2
random_3_n200,random_uniform,200,200,200,Cython,2.7266,82,10,2
random_4_n200,random_uniform,200,200,200,Cython,2.71335,95,10,2
random_5_n200,random_uniform,200,200,200,Cython,2.6894,83,10,2
random_6_n200,random_uniform,200,200,200,Cython,2.71765,95,10,2
random_7_n200,random_uniform,200,200,200,Cython,2.71645,100,10,2
random_8_n200,random_uniform,200,200,200,Cython,2.6954,99,10,2
random_9_n200,random_uniform,200,200,200,Cython,2.7106,85,10,2
homologous_0_n500,homologous_region,500,500,500,Cython,18.6257,934,10,2
homologous_1_n500,homologous_region,500,500,500,Cython,18.3673,925,10,2
homologous_2_n500,homologous_region,500,500,500,Cython,17.4955,931,10,2
homologous_3_n500,homologous_region,500,500,500,Cython,17.4629,925,10,2
homologous_4_n500,homologous_region,500,500,500,Cython,16.9811,925,10,2
homologous_5_n500,homologous_region,500,500,500,Cython,17.43745,925,10,2
homologous_6_n500,homologous_region,500,500,500,Cython,16.82535,925,10,2
homologous_7_n500,homologous_region,500,500,500,Cython,16.6748,925,10,2
homologous_8_n500,homologous_region,500,500,500,Cython,16.77,925,10,2
homologous_9_n500,homologous_region,500,500,500,Cython,18.9942,928,10,2
indel_0_n500,indel_disruption,500,500,562,Cython,21.0955,876,10,2
indel_1_n500,indel_disruption,500,500,438,Cython,16.93385,749,10,2
indel_2_n500,indel_disruption,500,500,562,Cython,21.13735,876,10,2
indel_3_n500,indel_disruption,500,500,438,Cython,15.81595,749,10,2
indel_4_n500,indel_disruption,500,500,562,Cython,20.12915,876,10,2
indel_5_n500,indel_disruption,500,500,438,Cython,16.0011,749,10,2
indel_6_n500,indel_disruption,500,500,562,Cython,19.20355,876,10,2
indel_7_n500,indel_disruption,500,500,438,Cython,14.7845,749,10,2
indel_8_n500,indel_disruption,500,500,562,Cython,19.2457,876,10,2
indel_9_n500,indel_disruption,500,500,438,Cython,15.2071,749,10,2
motif_0_n500,conserved_motif,500,500,500,Cython,14.4765,262,10,2
motif_1_n500,conserved_motif,500,500,500,Cython,15.18005,355,10,2
motif_2_n500,conserved_motif,500,500,500,Cython,14.59775,295,10,2
motif_3_n500,conserved_motif,500,500,500,Cython,15.25675,329,10,2
motif_4_n500,conserved_motif,500,500,500,Cython,14.52675,289,10,2
motif_5_n500,conserved_motif,500,500,500,Cython,14.87585,271,10,2
motif_6_n500,conserved_motif,500,500,500,Cython,14.71295,308,10,2
motif_7_n500,conserved_motif,500,500,500,Cython,14.46205,207,10,2
motif_8_n500,conserved_motif,500,500,500,Cython,14.4246,263,10,2
motif_9_n500,conserved_motif,500,500,500,Cython,14.4663,288,10,2
contained_0_n500,contained_fragment,500,250,541,Cython,8.2578,500,10,2
contained_1_n500,contained_fragment,500,250,541,Cython,8.45175,500,10,2
contained_2_n500,contained_fragment,500,250,541,Cython,8.61185,500,10,2
contained_3_n500,contained_fragment,500,250,541,Cython,8.59405,500,10,2
contained_4_n500,contained_fragment,500,250,541,Cython,8.51315,500,10,2
contained_5_n500,contained_fragment,500,250,541,Cython,8.5053,500,10,2
contained_6_n500,contained_fragment,500,250,541,Cython,8.53005,500,10,2
contained_7_n500,contained_fragment,500,250,541,Cython,8.54745,500,10,2
contained_8_n500,contained_fragment,500,250,541,Cython,8.5266,500,10,2
contained_9_n500,contained_fragment,500,250,541,Cython,8.5028,500,10,2
random_0_n500,random_uniform,500,500,500,Cython,14.49155,246,10,2
random_1_n500,random_uniform,500,500,500,Cython,14.4014,200,10,2
random_2_n500,random_uniform,500,500,500,Cython,14.94785,228,10,2
random_3_n500,random_uniform,500,500,500,Cython,14.9052,202,10,2
random_4_n500,random_uniform,500,500,500,Cython,14.88005,224,10,2
random_5_n500,random_uniform,500,500,500,Cython,14.90895,234,10,2
random_6_n500,random_uniform,500,500,500,Cython,14.8875,202,10,2
random_7_n500,random_uniform,500,500,500,Cython,14.8971,226,10,2
random_8_n500,random_uniform,500,500,500,Cython,14.484,220,10,2
random_9_n500,random_uniform,500,500,500,Cython,14.4998,205,10,2
homologous_0_n800,homologous_region,800,800,800,Cython,44.9987,1484,10,2
homologous_1_n800,homologous_region,800,800,800,Cython,45.2643,1486,10,2
homologous_2_n800,homologous_region,800,800,800,Cython,45.3036,1492,10,2
homologous_3_n800,homologous_region,800,800,800,Cython,47.6453,1481,10,2
homologous_4_n800,homologous_region,800,800,800,Cython,45.0744,1483,10,2
homologous_5_n800,homologous_region,800,800,800,Cython,43.80825,1486,10,2
homologous_6_n800,homologous_region,800,800,800,Cython,46.86785,1486,10,2
homologous_7_n800,homologous_region,800,800,800,Cython,46.31885,1483,10,2
homologous_8_n800,homologous_region,800,800,800,Cython,45.37005,1480,10,2
homologous_9_n800,homologous_region,800,800,800,Cython,45.90795,1487,10,2
indel_0_n800,indel_disruption,800,800,900,Cython,49.9296,1400,10,2
indel_1_n800,indel_disruption,800,800,700,Cython,39.9794,1197,10,2
indel_2_n800,indel_disruption,800,800,900,Cython,51.31,1400,10,2
indel_3_n800,indel_disruption,800,800,700,Cython,39.64405,1200,10,2
indel_4_n800,indel_disruption,800,800,900,Cython,51.05985,1400,10,2
indel_5_n800,indel_disruption,800,800,700,Cython,39.38495,1197,10,2
indel_6_n800,indel_disruption,800,800,900,Cython,53.8869,1400,10,2
indel_7_n800,indel_disruption,800,800,700,Cython,39.05595,1197,10,2
indel_8_n800,indel_disruption,800,800,900,Cython,50.6705,1400,10,2
indel_9_n800,indel_disruption,800,800,700,Cython,39.6975,1197,10,2
motif_0_n800,conserved_motif,800,800,800,Cython,39.845,376,10,2
motif_1_n800,conserved_motif,800,800,800,Cython,37.85935,365,10,2
motif_2_n800,conserved_motif,800,800,800,Cython,41.55065,556,10,2
motif_3_n800,conserved_motif,800,800,800,Cython,40.40435,504,10,2
motif_4_n800,conserved_motif,800,800,800,Cython,41.4115,544,10,2
motif_5_n800,conserved_motif,800,800,800,Cython,39.83425,516,10,2
motif_6_n800,conserved_motif,800,800,800,Cython,40.14015,476,10,2
motif_7_n800,conserved_motif,800,800,800,Cython,41.7494,537,10,2
motif_8_n800,conserved_motif,800,800,800,Cython,41.5444,512,10,2
motif_9_n800,conserved_motif,800,800,800,Cython,38.6039,398,10,2
contained_0_n800,contained_fragment,800,400,866,Cython,22.04675,800,10,2
contained_1_n800,contained_fragment,800,400,866,Cython,22.0922,800,10,2
contained_2_n800,contained_fragment,800,400,866,Cython,22.0445,800,10,2
contained_3_n800,contained_fragment,800,400,866,Cython,22.0399,800,10,2
contained_4_n800,contained_fragment,800,400,866,Cython,21.95435,800,10,2
contained_5_n800,contained_fragment,800,400,866,Cython,21.97645,800,10,2
contained_6_n800,contained_fragment,800,400,866,Cython,21.4539,800,10,2
contained_7_n800,contained_fragment,800,400,866,Cython,21.9998,800,10,2
contained_8_n800,contained_fragment,800,400,866,Cython,22.02465,800,10,2
contained_9_n800,contained_fragment,800,400,866,Cython,21.9344,800,10,2
random_0_n800,random_uniform,800,800,800,Cython,38.5721,343,10,2
random_1_n800,random_uniform,800,800,800,Cython,38.6398,343,10,2
random_2_n800,random_uniform,800,800,800,Cython,39.51045,381,10,2
random_3_n800,random_uniform,800,800,800,Cython,38.6358,366,10,2
random_4_n800,random_uniform,800,800,800,Cython,38.45565,359,10,2
random_5_n800,random_uniform,800,800,800,Cython,38.40895,348,10,2
random_6_n800,random_uniform,800,800,800,Cython,38.43195,349,10,2
random_7_n800,random_uniform,800,800,800,Cython,37.0234,352,10,2
random_8_n800,random_uniform,800,800,800,Cython,38.0673,335,10,2
random_9_n800,random_uniform,800,800,800,Cython,40.157,377,10,2
homologous_0_n1000,homologous_region,1000,1000,1000,Cython,70.83995,1865,10,2
homologous_1_n1000,homologous_region,1000,1000,1000,Cython,72.3024,1853,10,2
homologous_2_n1000,homologous_region,1000,1000,1000,Cython,72.45885,1850,10,2
homologous_3_n1000,homologous_region,1000,1000,1000,Cython,71.85005,1853,10,2
homologous_4_n1000,homologous_region,1000,1000,1000,Cython,72.02445,1850,10,2
homologous_5_n1000,homologous_region,1000,1000,1000,Cython,73.3044,1862,10,2
homologous_6_n1000,homologous_region,1000,1000,1000,Cython,71.87295,1850,10,2
homologous_7_n1000,homologous_region,1000,1000,1000,Cython,72.0448,1856,10,2
homologous_8_n1000,homologous_region,1000,1000,1000,Cython,71.0412,1850,10,2
homologous_9_n1000,homologous_region,1000,1000,1000,Cython,72.0259,1850,10,2
indel_0_n1000,indel_disruption,1000,1000,1125,Cython,80.40245,1750,10,2
indel_1_n1000,indel_disruption,1000,1000,875,Cython,62.0724,1497,10,2
indel_2_n1000,indel_disruption,1000,1000,1125,Cython,81.60795,1750,10,2
indel_3_n1000,indel_disruption,1000,1000,875,Cython,61.83835,1497,10,2
indel_4_n1000,indel_disruption,1000,1000,1125,Cython,81.5826,1750,10,2
indel_5_n1000,indel_disruption,1000,1000,875,Cython,62.3121,1497,10,2
indel_6_n1000,indel_disruption,1000,1000,1125,Cython,81.09565,1750,10,2
indel_7_n1000,indel_disruption,1000,1000,875,Cython,61.7927,1497,10,2
indel_8_n1000,indel_disruption,1000,1000,1125,Cython,81.4915,1750,10,2
indel_9_n1000,indel_disruption,1000,1000,875,Cython,61.78845,1500,10,2
motif_0_n1000,conserved_motif,1000,1000,1000,Cython,63.5451,592,10,2
motif_1_n1000,conserved_motif,1000,1000,1000,Cython,66.2298,466,10,2
motif_2_n1000,conserved_motif,1000,1000,1000,Cython,64.6208,516,10,2
motif_3_n1000,conserved_motif,1000,1000,1000,Cython,67.7731,577,10,2
motif_4_n1000,conserved_motif,1000,1000,1000,Cython,64.96505,558,10,2
motif_5_n1000,conserved_motif,1000,1000,1000,Cython,68.07085,616,10,2
motif_6_n1000,conserved_motif,1000,1000,1000,Cython,64.718,656,10,2
motif_7_n1000,conserved_motif,1000,1000,1000,Cython,66.4401,496,10,2
motif_8_n1000,conserved_motif,1000,1000,1000,Cython,64.56145,608,10,2
motif_9_n1000,conserved_motif,1000,1000,1000,Cython,65.71575,554,10,2
contained_0_n1000,contained_fragment,1000,500,1083,Cython,38.4039,1000,10,2
contained_1_n1000,contained_fragment,1000,500,1083,Cython,36.16075,1000,10,2
contained_2_n1000,contained_fragment,1000,500,1083,Cython,35.95675,1000,10,2
contained_3_n1000,contained_fragment,1000,500,1083,Cython,34.99505,1000,10,2
contained_4_n1000,contained_fragment,1000,500,1083,Cython,37.68945,1000,10,2
contained_5_n1000,contained_fragment,1000,500,1083,Cython,38.0544,1000,10,2
contained_6_n1000,contained_fragment,1000,500,1083,Cython,35.8129,1000,10,2
contained_7_n1000,contained_fragment,1000,500,1083,Cython,34.8946,1000,10,2
contained_8_n1000,contained_fragment,1000,500,1083,Cython,34.86765,1000,10,2
contained_9_n1000,contained_fragment,1000,500,1083,Cython,35.2562,1000,10,2
random_0_n1000,random_uniform,1000,1000,1000,Cython,63.4494,444,10,2
random_1_n1000,random_uniform,1000,1000,1000,Cython,62.4988,428,10,2
random_2_n1000,random_uniform,1000,1000,1000,Cython,64.86315,436,10,2
random_3_n1000,random_uniform,1000,1000,1000,Cython,64.6248,434,10,2
random_4_n1000,random_uniform,1000,1000,1000,Cython,62.18905,431,10,2
random_5_n1000,random_uniform,1000,1000,1000,Cython,85.0948,455,10,2
random_6_n1000,random_uniform,1000,1000,1000,Cython,77.2817,451,10,2
random_7_n1000,random_uniform,1000,1000,1000,Cython,67.8972,427,10,2
random_8_n1000,random_uniform,1000,1000,1000,Cython,67.9191,456,10,2
random_9_n1000,random_uniform,1000,1000,1000,Cython,64.5677,449,10,2
homologous_0_n2000,homologous_region,2000,2000,2000,Cython,311.7702,3715,10,2
homologous_1_n2000,homologous_region,2000,2000,2000,Cython,315.48065,3730,10,2
homologous_2_n2000,homologous_region,2000,2000,2000,Cython,312.0896,3706,10,2
homologous_3_n2000,homologous_region,2000,2000,2000,Cython,309.8676,3710,10,2
homologous_4_n2000,homologous_region,2000,2000,2000,Cython,313.3286,3709,10,2
homologous_5_n2000,homologous_region,2000,2000,2000,Cython,318.62015,3709,10,2
homologous_6_n2000,homologous_region,2000,2000,2000,Cython,316.77965,3709,10,2
homologous_7_n2000,homologous_region,2000,2000,2000,Cython,321.18255,3704,10,2
homologous_8_n2000,homologous_region,2000,2000,2000,Cython,325.9315,3715,10,2
homologous_9_n2000,homologous_region,2000,2000,2000,Cython,316.0935,3712,10,2
indel_0_n2000,indel_disruption,2000,2000,2250,Cython,362.0203,3500,10,2
indel_1_n2000,indel_disruption,2000,2000,1750,Cython,275.35205,2997,10,2
indel_2_n2000,indel_disruption,2000,2000,2250,Cython,363.38155,3500,10,2
indel_3_n2000,indel_disruption,2000,2000,1750,Cython,271.48945,2997,10,2
indel_4_n2000,indel_disruption,2000,2000,2250,Cython,360.6058,3500,10,2
indel_5_n2000,indel_disruption,2000,2000,1750,Cython,276.5153,2997,10,2
indel_6_n2000,indel_disruption,2000,2000,2250,Cython,362.27985,3500,10,2
indel_7_n2000,indel_disruption,2000,2000,1750,Cython,274.979,2997,10,2
indel_8_n2000,indel_disruption,2000,2000,2250,Cython,398.01955,3500,10,2
indel_9_n2000,indel_disruption,2000,2000,1750,Cython,276.6546,3000,10,2
motif_0_n2000,conserved_motif,2000,2000,2000,Cython,309.7635,1240,10,2
motif_1_n2000,conserved_motif,2000,2000,2000,Cython,312.79875,1200,10,2
motif_2_n2000,conserved_motif,2000,2000,2000,Cython,306.05865,1325,10,2
motif_3_n2000,conserved_motif,2000,2000,2000,Cython,304.7112,1231,10,2
motif_4_n2000,conserved_motif,2000,2000,2000,Cython,315.7286,897,10,2
motif_5_n2000,conserved_motif,2000,2000,2000,Cython,310.37435,1390,10,2
motif_6_n2000,conserved_motif,2000,2000,2000,Cython,309.19925,865,10,2
motif_7_n2000,conserved_motif,2000,2000,2000,Cython,305.4207,1376,10,2
motif_8_n2000,conserved_motif,2000,2000,2000,Cython,309.3016,1309,10,2
motif_9_n2000,conserved_motif,2000,2000,2000,Cython,305.857,1358,10,2
contained_0_n2000,contained_fragment,2000,1000,2166,Cython,151.6011,2000,10,2
contained_1_n2000,contained_fragment,2000,1000,2166,Cython,152.64785,2000,10,2
contained_2_n2000,contained_fragment,2000,1000,2166,Cython,156.00435,2000,10,2
contained_3_n2000,contained_fragment,2000,1000,2166,Cython,152.5069,2000,10,2
contained_4_n2000,contained_fragment,2000,1000,2166,Cython,153.00685,2000,10,2
contained_5_n2000,contained_fragment,2000,1000,2166,Cython,163.346,2000,10,2
contained_6_n2000,contained_fragment,2000,1000,2166,Cython,151.99115,2000,10,2
contained_7_n2000,contained_fragment,2000,1000,2166,Cython,155.6192,2000,10,2
contained_8_n2000,contained_fragment,2000,1000,2166,Cython,153.76195,2000,10,2
contained_9_n2000,contained_fragment,2000,1000,2166,Cython,153.38725,2000,10,2
random_0_n2000,random_uniform,2000,2000,2000,Cython,305.42045,918,10,2
random_1_n2000,random_uniform,2000,2000,2000,Cython,308.379,900,10,2
random_2_n2000,random_uniform,2000,2000,2000,Cython,302.19145,882,10,2
random_3_n2000,random_uniform,2000,2000,2000,Cython,305.7344,942,10,2
random_4_n2000,random_uniform,2000,2000,2000,Cython,307.1038,882,10,2
random_5_n2000,random_uniform,2000,2000,2000,Cython,305.49065,871,10,2
random_6_n2000,random_uniform,2000,2000,2000,Cython,303.8992,872,10,2
random_7_n2000,random_uniform,2000,2000,2000,Cython,305.4369,889,10,2
random_8_n2000,random_uniform,2000,2000,2000,Cython,307.93515,893,10,2
random_9_n2000,random_uniform,2000,2000,2000,Cython,306.3571,869,10,2
homologous_0_n5000,homologous_region,5000,5000,5000,Cython,2215.07485,9268,10,2
homologous_1_n5000,homologous_region,5000,5000,5000,Cython,2205.7829,9280,10,2
homologous_2_n5000,homologous_region,5000,5000,5000,Cython,2208.98815,9271,10,2
homologous_3_n5000,homologous_region,5000,5000,5000,Cython,2211.9419,9307,10,2
homologous_4_n5000,homologous_region,5000,5000,5000,Cython,2222.2473,9277,10,2
homologous_5_n5000,homologous_region,5000,5000,5000,Cython,2239.71955,9277,10,2
homologous_6_n5000,homologous_region,5000,5000,5000,Cython,2210.3414,9274,10,2
homologous_7_n5000,homologous_region,5000,5000,5000,Cython,2209.34135,9268,10,2
homologous_8_n5000,homologous_region,5000,5000,5000,Cython,2207.48885,9266,10,2
homologous_9_n5000,homologous_region,5000,5000,5000,Cython,2219.03515,9268,10,2
indel_0_n5000,indel_disruption,5000,5000,5625,Cython,2489.64855,8750,10,2
indel_1_n5000,indel_disruption,5000,5000,4375,Cython,1924.8076,7497,10,2
indel_2_n5000,indel_disruption,5000,5000,5625,Cython,2522.76945,8750,10,2
indel_3_n5000,indel_disruption,5000,5000,4375,Cython,1929.04205,7500,10,2
indel_4_n5000,indel_disruption,5000,5000,5625,Cython,2497.403,8750,10,2
indel_5_n5000,indel_disruption,5000,5000,4375,Cython,1920.0976,7497,10,2
indel_6_n5000,indel_disruption,5000,5000,5625,Cython,2533.45955,8750,10,2
indel_7_n5000,indel_disruption,5000,5000,4375,Cython,1918.20445,7497,10,2
indel_8_n5000,indel_disruption,5000,5000,5625,Cython,2505.77815,8750,10,2
indel_9_n5000,indel_disruption,5000,5000,4375,Cython,1925.6808,7497,10,2
motif_0_n5000,conserved_motif,5000,5000,5000,Cython,2205.15285,2492,10,2
motif_1_n5000,conserved_motif,5000,5000,5000,Cython,2194.27645,3199,10,2
motif_2_n5000,conserved_motif,5000,5000,5000,Cython,2209.94385,3386,10,2
motif_3_n5000,conserved_motif,5000,5000,5000,Cython,2217.12085,2085,10,2
motif_4_n5000,conserved_motif,5000,5000,5000,Cython,2213.5155,3438,10,2
motif_5_n5000,conserved_motif,5000,5000,5000,Cython,2193.8423,2194,10,2
motif_6_n5000,conserved_motif,5000,5000,5000,Cython,2198.80925,2127,10,2
motif_7_n5000,conserved_motif,5000,5000,5000,Cython,2205.8204,2633,10,2
motif_8_n5000,conserved_motif,5000,5000,5000,Cython,2188.1099,3340,10,2
motif_9_n5000,conserved_motif,5000,5000,5000,Cython,2191.84705,2758,10,2
contained_0_n5000,contained_fragment,5000,2500,5416,Cython,1144.29595,5000,10,2
contained_1_n5000,contained_fragment,5000,2500,5416,Cython,1143.53955,5000,10,2
contained_2_n5000,contained_fragment,5000,2500,5416,Cython,1146.8497,5000,10,2
contained_3_n5000,contained_fragment,5000,2500,5416,Cython,1142.90775,5000,10,2
contained_4_n5000,contained_fragment,5000,2500,5416,Cython,1142.8667,5000,10,2
contained_5_n5000,contained_fragment,5000,2500,5416,Cython,1149.4641,5000,10,2
contained_6_n5000,contained_fragment,5000,2500,5416,Cython,1155.95975,5000,10,2
contained_7_n5000,contained_fragment,5000,2500,5416,Cython,1145.15215,5000,10,2
contained_8_n5000,contained_fragment,5000,2500,5416,Cython,1142.4676,5000,10,2
contained_9_n5000,contained_fragment,5000,2500,5416,Cython,1144.4534,5000,10,2
random_0_n5000,random_uniform,5000,5000,5000,Cython,2245.7354,2221,10,2
random_1_n5000,random_uniform,5000,5000,5000,Cython,2253.6773,2246,10,2
random_2_n5000,random_uniform,5000,5000,5000,Cython,2227.799,2310,10,2
random_3_n5000,random_uniform,5000,5000,5000,Cython,2251.62205,2249,10,2
random_4_n5000,random_uniform,5000,5000,5000,Cython,2243.05475,2208,10,2
random_5_n5000,random_uniform,5000,5000,5000,Cython,2242.83255,2232,10,2
random_6_n5000,random_uniform,5000,5000,5000,Cython,2246.0371,2217,10,2
random_7_n5000,random_uniform,5000,5000,5000,Cython,2248.96995,2220,10,2
random_8_n5000,random_uniform,5000,5000,5000,Cython,2245.43975,2199,10,2
random_9_n5000,random_uniform,5000,5000,5000,Cython,2232.9374,2216,10,2
homologous_0_n8000,homologous_region,8000,8000,8000,Cython,5980.91335,14836,10,2
homologous_1_n8000,homologous_region,8000,8000,8000,Cython,5963.04605,14830,10,2
homologous_2_n8000,homologous_region,8000,8000,8000,Cython,5970.17735,14839,10,2
homologous_3_n8000,homologous_region,8000,8000,8000,Cython,5971.2992,14837,10,2
homologous_4_n8000,homologous_region,8000,8000,8000,Cython,6008.3611,14863,10,2
homologous_5_n8000,homologous_region,8000,8000,8000,Cython,6000.98885,14848,10,2
homologous_6_n8000,homologous_region,8000,8000,8000,Cython,5952.95635,14863,10,2
homologous_7_n8000,homologous_region,8000,8000,8000,Cython,5974.20945,14869,10,2
homologous_8_n8000,homologous_region,8000,8000,8000,Cython,6024.83185,14863,10,2
homologous_9_n8000,homologous_region,8000,8000,8000,Cython,6062.96355,14854,10,2
indel_0_n8000,indel_disruption,8000,8000,9000,Cython,6736.86265,14000,10,2
indel_1_n8000,indel_disruption,8000,8000,7000,Cython,5198.1125,11997,10,2
indel_2_n8000,indel_disruption,8000,8000,9000,Cython,6633.48695,14000,10,2
indel_3_n8000,indel_disruption,8000,8000,7000,Cython,5171.8489,11997,10,2
indel_4_n8000,indel_disruption,8000,8000,9000,Cython,6573.4472,14000,10,2
indel_5_n8000,indel_disruption,8000,8000,7000,Cython,5138.20055,11997,10,2
indel_6_n8000,indel_disruption,8000,8000,9000,Cython,6623.6966,14000,10,2
indel_7_n8000,indel_disruption,8000,8000,7000,Cython,5103.77335,11997,10,2
indel_8_n8000,indel_disruption,8000,8000,9000,Cython,6652.0921,14000,10,2
indel_9_n8000,indel_disruption,8000,8000,7000,Cython,6601.6726,11997,10,2
motif_0_n8000,conserved_motif,8000,8000,8000,Cython,8600.8264,5577,10,2
motif_1_n8000,conserved_motif,8000,8000,8000,Cython,5954.072,4461,10,2
motif_2_n8000,conserved_motif,8000,8000,8000,Cython,5893.35605,4127,10,2
motif_3_n8000,conserved_motif,8000,8000,8000,Cython,5859.7211,3912,10,2
motif_4_n8000,conserved_motif,8000,8000,8000,Cython,5886.14465,5240,10,2
motif_5_n8000,conserved_motif,8000,8000,8000,Cython,5915.3562,4140,10,2
motif_6_n8000,conserved_motif,8000,8000,8000,Cython,5861.1622,5654,10,2
motif_7_n8000,conserved_motif,8000,8000,8000,Cython,5866.5391,4919,10,2
motif_8_n8000,conserved_motif,8000,8000,8000,Cython,5854.70515,4108,10,2
motif_9_n8000,conserved_motif,8000,8000,8000,Cython,5925.17715,4124,10,2
contained_0_n8000,contained_fragment,8000,4000,8666,Cython,3094.91035,8000,10,2
contained_1_n8000,contained_fragment,8000,4000,8666,Cython,3044.35585,8000,10,2
contained_2_n8000,contained_fragment,8000,4000,8666,Cython,3048.22115,8000,10,2
contained_3_n8000,contained_fragment,8000,4000,8666,Cython,3116.9671,8000,10,2
contained_4_n8000,contained_fragment,8000,4000,8666,Cython,3093.02635,8000,10,2
contained_5_n8000,contained_fragment,8000,4000,8666,Cython,3113.75215,8000,10,2
contained_6_n8000,contained_fragment,8000,4000,8666,Cython,3063.2151,8000,10,2
contained_7_n8000,contained_fragment,8000,4000,8666,Cython,3074.00675,8000,10,2
contained_8_n8000,contained_fragment,8000,4000,8666,Cython,3102.6727,8000,10,2
contained_9_n8000,contained_fragment,8000,4000,8666,Cython,3089.1197,8000,10,2
random_0_n8000,random_uniform,8000,8000,8000,Cython,5831.8609,3591,10,2
random_1_n8000,random_uniform,8000,8000,8000,Cython,5852.57315,3619,10,2
random_2_n8000,random_uniform,8000,8000,8000,Cython,5923.8229,3569,10,2
random_3_n8000,random_uniform,8000,8000,8000,Cython,5842.89095,3514,10,2
random_4_n8000,random_uniform,8000,8000,8000,Cython,5844.73435,3570,10,2
random_5_n8000,random_uniform,8000,8000,8000,Cython,5884.9138,3612,10,2
random_6_n8000,random_uniform,8000,8000,8000,Cython,5849.4608,3561,10,2
random_7_n8000,random_uniform,8000,8000,8000,Cython,5882.45525,3557,10,2
random_8_n8000,random_uniform,8000,8000,8000,Cython,5827.1796,3605,10,2
random_9_n8000,random_uniform,8000,8000,8000,Cython,5887.6122,3606,10,2
homologous_0_n10000,homologous_region,10000,10000,10000,Cython,9182.7378,18533,10,2
homologous_1_n10000,homologous_region,10000,10000,10000,Cython,9243.087,18557,10,2
homologous_2_n10000,homologous_region,10000,10000,10000,Cython,9205.67015,18566,10,2
homologous_3_n10000,homologous_region,10000,10000,10000,Cython,9225.1783,18533,10,2
homologous_4_n10000,homologous_region,10000,10000,10000,Cython,9334.46855,18593,10,2
homologous_5_n10000,homologous_region,10000,10000,10000,Cython,9247.52845,18557,10,2
homologous_6_n10000,homologous_region,10000,10000,10000,Cython,9134.8438,18575,10,2
homologous_7_n10000,homologous_region,10000,10000,10000,Cython,9245.65515,18533,10,2
homologous_8_n10000,homologous_region,10000,10000,10000,Cython,9203.4301,18560,10,2
homologous_9_n10000,homologous_region,10000,10000,10000,Cython,9336.8432,18542,10,2
indel_0_n10000,indel_disruption,10000,10000,11250,Cython,10441.74135,17500,10,2
indel_1_n10000,indel_disruption,10000,10000,8750,Cython,8036.8715,14997,10,2
indel_2_n10000,indel_disruption,10000,10000,11250,Cython,10551.1757,17500,10,2
indel_3_n10000,indel_disruption,10000,10000,8750,Cython,8114.784,14997,10,2
indel_4_n10000,indel_disruption,10000,10000,11250,Cython,10406.63475,17500,10,2
indel_5_n10000,indel_disruption,10000,10000,8750,Cython,8094.7743,14997,10,2
indel_6_n10000,indel_disruption,10000,10000,11250,Cython,10456.71735,17500,10,2
indel_7_n10000,indel_disruption,10000,10000,8750,Cython,7959.14255,14997,10,2
indel_8_n10000,indel_disruption,10000,10000,11250,Cython,10501.91105,17500,10,2
indel_9_n10000,indel_disruption,10000,10000,8750,Cython,8046.5821,14997,10,2
motif_0_n10000,conserved_motif,10000,10000,10000,Cython,9290.04125,5909,10,2
motif_1_n10000,conserved_motif,10000,10000,10000,Cython,9209.0854,6214,10,2
motif_2_n10000,conserved_motif,10000,10000,10000,Cython,9290.73685,5823,10,2
motif_3_n10000,conserved_motif,10000,10000,10000,Cython,9074.8373,6750,10,2
motif_4_n10000,conserved_motif,10000,10000,10000,Cython,9198.76155,4479,10,2
motif_5_n10000,conserved_motif,10000,10000,10000,Cython,9170.3467,4327,10,2
motif_6_n10000,conserved_motif,10000,10000,10000,Cython,9251.46285,5430,10,2
motif_7_n10000,conserved_motif,10000,10000,10000,Cython,9187.6216,6662,10,2
motif_8_n10000,conserved_motif,10000,10000,10000,Cython,9274.53125,6233,10,2
motif_9_n10000,conserved_motif,10000,10000,10000,Cython,9250.7083,4480,10,2
contained_0_n10000,contained_fragment,10000,5000,10833,Cython,4818.57195,10000,10,2
contained_1_n10000,contained_fragment,10000,5000,10833,Cython,4847.24265,10000,10,2
contained_2_n10000,contained_fragment,10000,5000,10833,Cython,4902.52035,10000,10,2
contained_3_n10000,contained_fragment,10000,5000,10833,Cython,4927.44365,10000,10,2
contained_4_n10000,contained_fragment,10000,5000,10833,Cython,4943.54825,10000,10,2
contained_5_n10000,contained_fragment,10000,5000,10833,Cython,4800.86805,10000,10,2
contained_6_n10000,contained_fragment,10000,5000,10833,Cython,4838.14915,10000,10,2
contained_7_n10000,contained_fragment,10000,5000,10833,Cython,4903.97755,10000,10,2
contained_8_n10000,contained_fragment,10000,5000,10833,Cython,4874.20565,10000,10,2
contained_9_n10000,contained_fragment,10000,5000,10833,Cython,4872.87625,10000,10,2
random_0_n10000,random_uniform,10000,10000,10000,Cython,9183.23235,4418,10,2
random_1_n10000,random_uniform,10000,10000,10000,Cython,9196.733,4557,10,2
random_2_n10000,random_uniform,10000,10000,10000,Cython,9252.3404,4557,10,2
random_3_n10000,random_uniform,10000,10000,10000,Cython,9289.462,4409,10,2
random_4_n10000,random_uniform,10000,10000,10000,Cython,9176.06005,4438,10,2
random_5_n10000,random_uniform,10000,10000,10000,Cython,9203.4597,4480,10,2
random_6_n10000,random_uniform,10000,10000,10000,Cython,9149.10995,4514,10,2
random_7_n10000,random_uniform,10000,10000,10000,Cython,9090.5803,4522,10,2
random_8_n10000,random_uniform,10000,10000,10000,Cython,9225.994,4573,10,2
random_9_n10000,random_uniform,10000,10000,10000,Cython,9250.36675,4419,10,2
